time,tmin,tmax,tavg,prcp,wspd,wdir,pres,day_since_t0
1993-07-05,14.4,18.2,15.5,0.0,25.7,294.0,1017.2,0
1993-07-09,13.4,22.1,17.4,0.0,21.6,205.0,1007.1,4
1993-07-11,6.0,16.0,12.2,12.4,3.1,140.0,1010.2,6
1993-07-17,14.2,20.0,15.9,4.7,11.6,201.0,1010.6,12
1993-07-19,12.2,20.4,15.5,0.0,14.9,207.0,1010.3,14
1993-07-20,14.6,16.9,15.2,1.0,13.6,112.0,1006.0,15
1993-07-22,11.8,15.0,13.1,0.0,26.4,267.0,1012.4,17
1993-07-23,10.0,17.0,13.4,2.1,20.5,261.0,1013.3,18
1993-07-26,12.2,17.6,14.4,0.7,30.0,242.0,1002.3,21
1993-07-27,11.9,18.6,13.9,0.2,21.7,230.0,1008.2,22
1993-08-02,10.6,20.0,15.6,8.0,11.8,189.0,1022.0,28
1993-08-04,12.9,20.4,15.3,0.0,15.9,204.0,1018.4,30
1993-08-08,13.5,19.0,15.8,0.0,11.4,233.0,1016.1,34
1993-08-10,14.2,18.6,15.7,0.8,24.2,235.0,1000.4,36
1993-08-11,11.2,18.4,14.1,0.3,26.6,244.0,1007.4,37
1993-08-13,12.6,18.5,15.0,0.0,26.7,267.0,1013.4,39
1993-08-14,9.0,19.3,14.9,0.0,14.6,184.0,1023.7,40
1993-08-16,14.6,19.2,16.6,0.3,11.4,235.0,1017.2,42
1993-08-17,11.0,16.0,13.2,0.0,33.2,284.0,1022.3,43
1993-08-18,10.0,16.0,12.8,0.0,22.5,292.0,1023.4,44
1993-08-19,12.6,18.6,14.2,0.0,14.5,276.0,1022.0,45
1993-08-20,13.2,18.5,15.1,0.0,18.2,249.0,1018.2,46
1993-08-23,10.2,18.0,13.4,0.3,18.6,283.0,1007.6,49
1993-08-24,4.0,15.0,10.1,0.8,8.3,257.0,1010.0,50
1993-08-28,8.8,17.9,13.2,0.0,12.9,14.0,1021.3,54
1993-08-29,9.0,16.4,12.5,0.9,16.5,271.0,1022.2,55
1993-08-31,9.0,16.2,12.2,0.0,14.3,12.0,1018.7,57
1993-09-05,7.9,15.2,11.1,0.0,18.1,11.0,1013.9,62
1993-09-10,12.4,12.8,12.5,18.3,29.0,103.0,1008.5,67
1993-09-11,11.8,12.7,11.6,22.8,25.9,102.0,1007.3,68
1993-09-14,9.0,11.2,10.7,44.5,30.3,83.0,1000.9,71
1993-09-17,7.5,10.0,8.5,0.0,12.0,314.0,1009.5,74
1993-09-20,6.6,13.8,11.2,0.0,20.4,141.0,1028.7,77
1993-09-26,11.0,12.0,11.7,1.4,31.7,83.0,1005.5,83
1993-09-27,11.4,13.8,11.4,0.7,11.3,106.0,1011.7,84
1993-10-01,7.4,11.5,9.1,0.0,33.2,126.0,1012.9,88
1993-10-02,8.0,11.4,9.7,0.0,27.5,97.0,1004.3,89
1993-10-03,9.0,12.0,10.5,4.3,29.5,96.0,999.1,90
1993-10-07,10.2,14.0,10.9,2.0,9.6,209.0,1008.2,94
1993-10-11,6.0,14.0,10.2,0.3,3.8,179.0,1003.4,98
1993-10-18,0.8,9.8,2.9,0.0,11.9,264.0,1039.4,105
1993-10-19,1.8,9.6,4.1,0.0,14.0,251.0,1037.6,106
1993-10-20,-0.2,7.9,3.2,0.0,11.3,226.0,1023.0,107
1993-10-27,3.8,11.0,5.5,0.0,10.2,294.0,1029.1,114
1993-11-03,5.0,7.6,6.2,0.0,17.0,72.0,1018.6,121
1993-11-05,5.0,6.3,5.0,0.0,22.6,74.0,1019.1,123
1993-11-06,4.4,7.6,4.6,0.0,25.2,64.0,1019.2,124
1993-11-08,5.0,6.0,5.5,6.1,15.6,34.0,1012.9,126
1993-11-09,4.6,6.8,5.0,0.9,11.2,357.0,1016.0,127
1993-11-13,4.0,6.0,5.2,13.7,14.9,195.0,1019.9,131
1993-11-14,2.0,6.0,4.7,6.6,25.9,128.0,1010.5,132
1993-11-23,-1.2,2.0,-0.8,5.2,31.1,163.0,1018.8,141
1993-12-01,-1.4,1.2,-0.6,0.4,28.4,154.0,1015.0,149
1993-12-02,-1.6,5.4,0.9,8.1,26.6,209.0,1007.6,150
1993-12-03,0.2,8.5,5.6,1.2,22.8,245.0,1008.3,151
1993-12-05,3.8,7.0,5.5,0.0,28.9,253.0,1010.9,153
1993-12-07,5.8,6.4,4.9,1.7,33.1,208.0,1002.6,155
1993-12-11,2.0,6.0,3.7,1.5,36.4,259.0,987.9,159
1993-12-12,-4.0,3.0,0.5,0.0,15.0,299.0,1002.6,160
1993-12-18,0.3,8.0,3.4,5.0,16.5,226.0,1011.3,166
1993-12-21,-1.0,3.1,0.8,0.0,14.5,251.0,995.6,169
1993-12-22,1.2,3.0,1.7,1.8,28.4,236.0,993.8,170
1993-12-26,1.7,2.4,2.0,1.4,32.1,56.0,1001.7,174
1993-12-27,0.0,2.0,0.8,1.3,18.0,68.0,1013.1,175
1994-01-03,0.9,2.2,0.7,3.2,16.3,84.0,1003.5,182
1994-01-04,0.0,4.0,2.1,2.2,18.4,147.0,995.8,183
1994-01-07,3.8,4.8,3.4,0.0,17.4,161.0,995.8,186
1994-01-16,-4.0,1.0,-1.1,0.4,12.6,341.0,1006.5,195
1994-01-22,2.6,7.0,5.6,2.5,27.0,250.0,1015.1,201
1994-01-26,0.2,6.6,2.6,5.5,24.4,274.0,993.5,205
1994-01-27,1.0,7.0,3.9,16.6,28.6,243.0,993.4,206
1994-02-05,-2.0,0.2,-0.3,0.0,28.8,100.0,1019.6,215
1994-02-06,-1.0,0.3,-0.2,1.6,19.6,100.0,1017.2,216
1994-02-07,-0.8,0.8,0.0,0.6,18.7,95.0,1018.2,217
1994-02-13,-4.5,-4.0,-4.6,0.0,36.7,102.0,1043.4,223
1994-02-15,-4.6,0.2,-2.4,0.0,22.8,122.0,1038.7,225
1994-02-21,-2.5,1.6,0.4,1.2,23.8,98.0,1018.4,231
1994-02-26,-3.6,0.6,-1.8,6.5,19.1,127.0,1018.4,236
1994-03-07,3.4,7.4,4.5,1.3,32.4,260.0,1004.5,245
1994-03-08,2.4,9.4,4.5,1.5,24.2,236.0,1010.7,246
1994-03-12,2.3,6.5,3.1,4.5,20.9,230.0,1009.9,250
1994-03-15,2.4,8.0,3.9,0.0,34.3,282.0,1002.1,253
1994-03-20,-3.1,4.0,0.4,0.0,5.2,332.0,1006.4,258
1994-03-28,1.6,8.1,3.5,4.3,23.8,178.0,1018.8,266
1994-03-30,4.0,13.5,6.5,0.1,20.8,226.0,1017.0,268
1994-03-31,6.0,9.6,6.4,2.0,23.8,168.0,1003.8,269
1994-04-02,5.7,8.9,6.5,0.8,24.7,230.0,995.9,271
1994-04-07,1.1,9.4,3.8,0.0,11.5,342.0,1005.1,276
1994-04-11,5.0,15.0,9.2,0.0,18.2,54.0,1020.3,280
1994-04-18,2.4,7.8,4.6,0.0,23.8,357.0,1012.5,287
1994-04-20,5.4,10.0,6.1,0.0,10.9,192.0,1010.9,289
1994-04-23,5.8,18.6,10.4,0.0,12.5,125.0,1015.0,292
1994-04-25,8.6,18.8,11.4,0.0,15.0,137.0,1013.4,294
1994-04-29,13.0,18.0,15.3,0.0,18.2,250.0,1026.2,298
1994-04-30,10.8,17.7,12.2,0.0,26.9,253.0,1016.0,299
1994-05-01,5.2,11.0,8.2,0.0,23.7,328.0,1019.8,300
1994-05-02,0.0,12.3,7.2,0.0,9.4,301.0,1027.1,301
1994-05-04,4.4,13.4,8.7,0.0,23.9,122.0,1016.7,303
1994-05-07,7.0,15.0,10.9,0.0,15.7,131.0,1022.6,306
1994-05-08,5.0,18.0,12.7,0.0,21.0,142.0,1018.1,307
1994-05-09,6.8,21.8,13.6,0.0,14.4,135.0,1017.4,308
1994-05-11,7.0,22.0,14.9,0.0,5.4,74.0,1020.7,310
1994-05-12,11.2,22.9,14.4,0.0,22.9,75.0,1019.5,311
1994-05-13,8.4,19.4,11.9,0.0,20.8,79.0,1023.3,312
1994-05-14,4.1,19.3,12.3,0.0,14.2,76.0,1018.2,313
1994-05-23,8.1,13.0,9.8,7.4,15.1,101.0,1011.7,322
1994-05-25,8.4,17.2,11.3,7.3,12.9,134.0,1011.8,324
1994-05-30,4.0,16.0,10.8,0.7,17.3,315.0,1017.9,329
1994-05-31,8.2,13.9,10.2,2.4,30.9,269.0,1014.8,330
1994-06-06,9.4,16.8,11.6,0.1,24.6,275.0,1012.3,336
1994-06-18,8.2,13.9,10.4,17.2,21.2,233.0,1007.4,348
1994-08-11,17.4,25.8,21.4,0.0,22.7,104.0,1008.0,402
1994-08-12,17.8,24.0,20.0,0.1,17.6,126.0,1007.5,403
1994-08-14,12.8,19.2,13.3,6.8,33.4,271.0,1003.7,405
1994-08-22,11.8,21.4,15.7,0.0,13.7,301.0,1018.7,413
1994-09-13,13.0,17.4,14.5,0.0,27.5,223.0,1006.7,435
1994-09-14,13.9,18.0,14.1,32.9,14.7,225.0,1009.2,436
1994-10-03,9.5,11.5,8.9,1.3,28.6,273.0,995.7,455
1994-10-07,5.0,11.1,9.5,0.0,24.5,222.0,1026.6,459
1994-10-13,9.1,13.4,10.9,0.0,25.3,294.0,1028.1,465
1994-10-16,5.0,11.4,5.4,0.0,20.2,328.0,1020.2,468
1994-10-19,2.0,8.0,6.0,0.0,23.7,107.0,1025.2,471
1994-10-22,7.9,11.0,9.2,7.4,24.7,133.0,1006.6,474
1994-10-23,8.5,12.0,10.5,0.7,19.9,144.0,997.3,475
1994-10-28,5.9,9.0,7.8,0.0,11.7,210.0,1004.4,480
1994-11-04,7.0,9.1,8.1,0.0,32.1,118.0,1025.8,487
1994-11-05,6.0,10.0,7.6,0.0,20.5,115.0,1019.3,488
1994-11-10,6.1,7.5,6.2,0.0,22.6,109.0,1015.0,493
1994-11-13,1.1,9.1,1.7,21.7,28.0,146.0,1022.6,496
1994-12-02,1.6,5.4,3.2,0.1,19.4,165.0,1033.4,515
1994-12-06,5.9,8.4,5.8,0.4,26.8,244.0,1009.5,519
1994-12-21,3.6,5.2,3.3,0.0,12.2,260.0,1016.8,534
1994-12-24,-1.0,2.5,0.6,0.0,14.7,219.0,1030.3,537
1995-01-18,1.1,3.5,1.6,0.9,39.8,160.0,1011.3,562
1995-01-19,-1.1,3.0,0.1,2.0,22.1,135.0,1014.3,563
1995-02-03,-0.1,6.0,0.5,0.3,23.4,227.0,1026.4,578
1995-02-04,1.0,7.8,4.6,0.4,29.6,257.0,1012.0,579
1995-02-18,3.1,7.5,3.8,0.2,21.9,269.0,1001.2,593
1995-03-14,-2.0,3.0,-0.5,0.0,26.1,122.0,1023.6,617
1995-04-02,4.8,8.0,6.2,2.4,34.9,271.0,1008.8,636
1995-04-04,0.5,6.4,3.6,0.0,27.8,304.0,1008.4,638
1995-04-22,5.0,15.0,9.9,0.0,33.6,84.0,1020.7,656
1995-04-24,10.6,21.8,13.6,0.0,23.4,80.0,1021.5,658
1995-05-03,6.4,20.6,11.9,0.0,16.7,227.0,1029.1,667
1995-05-25,8.1,20.0,13.1,0.0,16.0,116.0,1018.6,689
1995-06-15,11.6,16.6,13.3,2.0,24.0,177.0,1012.6,710
1995-06-20,12.2,21.1,14.8,0.3,13.8,240.0,1019.7,715
1995-06-25,15.0,25.0,20.3,0.0,12.7,356.0,1022.2,720
1995-06-26,14.4,28.4,20.4,0.0,10.5,332.0,1023.7,721
1995-06-27,15.9,22.4,17.5,0.0,13.5,176.0,1025.9,722
1995-06-28,14.8,27.6,19.3,0.0,16.9,260.0,1019.6,723
1995-06-30,12.4,22.2,16.7,0.0,20.5,291.0,1012.2,725
1995-07-02,6.0,19.0,13.6,0.0,8.7,204.0,1011.7,727
1995-07-04,11.1,16.8,12.7,2.2,30.1,270.0,1002.0,729
1995-07-06,12.1,22.2,15.9,0.0,21.1,245.0,1016.9,731
1995-07-11,10.7,22.0,16.6,0.0,18.8,83.0,1019.2,736
1995-07-12,10.2,24.0,18.0,0.0,12.9,116.0,1015.5,737
1995-07-21,19.0,28.9,22.6,5.2,13.6,233.0,1013.0,746
1995-07-27,15.9,22.6,18.6,0.0,21.0,129.0,1022.2,752
1995-08-03,14.0,26.0,20.1,0.0,12.2,284.0,1012.8,759
1995-08-08,14.6,21.4,16.8,0.0,18.4,24.0,1020.0,764
1995-08-10,13.4,24.3,17.9,0.0,13.8,309.0,1022.6,766
1995-08-11,16.2,25.2,19.8,0.0,12.5,114.0,1026.6,767
1995-08-14,14.4,22.4,18.4,0.0,22.1,304.0,1013.9,770
1995-08-20,16.6,28.2,21.4,0.0,10.3,187.0,1018.0,776
1995-08-28,10.7,20.4,14.8,0.0,19.9,23.0,1005.4,784
1995-09-20,10.6,17.0,12.9,0.0,20.2,52.0,1013.8,807
1995-10-09,12.6,21.2,14.4,0.0,15.0,205.0,1024.4,826
1995-10-20,9.0,12.5,10.0,0.4,31.1,292.0,1013.0,837
1995-10-23,5.6,13.0,8.3,0.0,10.3,183.0,1022.1,840
1995-10-26,8.0,14.0,11.0,2.8,13.1,177.0,1020.4,843
1995-11-01,6.6,8.4,5.4,0.0,21.7,24.0,1010.6,849
1995-11-12,4.6,7.6,5.2,0.0,19.2,85.0,1027.7,860
1995-11-13,0.2,7.4,2.9,0.0,7.0,250.0,1022.1,861
1995-11-20,-5.6,2.3,-1.8,0.0,6.6,344.0,1025.5,868
1995-11-23,2.2,8.8,4.9,0.1,20.3,234.0,1018.7,871
1995-11-30,-1.4,4.0,1.3,0.0,10.0,85.0,1034.2,878
1995-12-24,-5.5,-2.5,-6.6,0.0,14.9,350.0,998.4,902
1995-12-31,-6.0,-1.2,-4.7,0.0,25.9,98.0,1012.7,909
1996-01-06,-1.0,1.0,0.1,0.4,27.2,100.0,1014.9,915
1996-01-07,-0.3,1.3,0.6,2.6,33.0,120.0,1006.4,916
1996-01-11,1.2,3.1,2.6,0.2,17.3,119.0,1010.5,920
1996-01-22,-2.0,-0.7,-1.4,0.0,24.9,97.0,1033.4,931
1996-01-23,-4.0,-1.8,-3.0,0.0,28.6,103.0,1031.8,932
1996-02-02,-2.6,-0.8,-3.3,0.0,12.9,87.0,1016.4,942
1996-02-04,-5.0,1.0,-2.3,0.0,15.7,313.0,1014.6,944
1996-02-06,-6.1,-1.1,-5.0,0.9,13.3,135.0,1014.2,946
1996-02-09,-6.2,-4.0,-5.3,0.0,22.5,108.0,1027.1,949
1996-02-10,-6.0,-3.8,-5.1,0.0,32.6,115.0,1022.5,950
1996-02-11,-5.9,-1.2,-4.6,2.4,24.4,127.0,1015.8,951
1996-02-15,-7.7,2.0,-1.6,4.0,21.8,240.0,1021.9,955
1996-02-24,-5.3,-2.7,-4.1,0.0,14.6,150.0,1014.5,964
1996-02-26,1.0,5.0,3.1,0.0,12.1,150.0,1010.5,966
1996-03-01,-3.3,2.5,0.2,0.0,20.8,324.0,1018.1,970
1996-03-02,-1.4,3.7,0.3,0.0,19.9,7.0,1020.7,971
1996-03-04,-3.5,2.2,-2.5,0.0,14.2,249.0,1018.4,973
1996-03-14,-1.2,0.0,-0.8,0.2,23.9,73.0,1022.5,983
1996-03-16,-1.0,2.0,0.5,0.0,27.7,80.0,1024.7,985
1996-03-18,-1.0,3.6,0.2,0.0,22.7,81.0,1027.2,987
1996-03-21,-2.0,3.8,0.6,0.0,21.6,92.0,1019.9,990
1996-03-22,0.0,3.0,1.1,0.0,28.9,89.0,1021.8,991
1996-03-27,-2.0,5.0,1.6,0.2,23.6,287.0,1014.8,996
1996-04-13,-2.0,10.2,4.4,0.0,26.3,10.0,1020.3,1013
1996-04-20,5.9,21.0,12.8,0.0,7.3,114.0,1015.8,1020
1996-04-24,10.3,15.0,12.6,3.3,13.7,292.0,1013.7,1024
1996-05-01,3.2,13.8,7.4,0.0,15.5,87.0,1007.8,1031
1996-05-02,3.0,11.1,7.9,0.0,19.0,83.0,1003.2,1032
1996-05-04,6.0,10.0,8.1,3.9,15.0,295.0,1002.4,1034
1996-05-05,6.0,9.0,7.1,0.0,35.3,260.0,1008.1,1035
1996-05-06,4.0,11.0,7.3,0.0,33.4,265.0,1013.7,1036
1996-05-07,0.0,11.0,5.9,0.0,13.0,292.0,1020.6,1037
1996-05-09,3.0,12.8,8.1,0.5,16.6,36.0,1020.2,1039
1996-05-18,6.0,9.0,7.9,4.5,24.7,95.0,1009.4,1048
1996-05-19,8.1,10.0,9.2,0.0,29.0,88.0,1008.0,1049
1996-05-21,6.2,11.6,7.9,0.0,23.3,304.0,1014.7,1051
1996-05-26,8.6,16.4,10.9,0.0,18.4,261.0,1006.4,1056
1996-06-03,8.0,16.0,12.0,0.0,7.0,9.0,1021.2,1064
1996-06-04,8.6,20.4,13.3,0.0,13.8,233.0,1025.6,1065
1996-06-06,10.0,23.0,17.2,0.0,12.7,146.0,1023.7,1067
1996-06-15,10.0,19.6,13.1,0.0,17.9,299.0,1024.8,1076
1996-06-22,7.3,16.5,11.4,0.0,13.4,279.0,1007.7,1083
1996-07-28,11.6,20.0,15.0,0.0,17.0,284.0,1016.2,1119
1996-07-30,11.8,18.0,15.9,0.0,14.8,228.0,1009.8,1121
1996-08-01,14.0,20.0,17.0,0.0,12.6,193.0,1013.2,1123
1996-08-02,11.9,21.0,16.4,0.0,17.5,259.0,1016.0,1124
1996-08-03,11.0,20.2,15.0,0.0,19.9,288.0,1022.3,1125
1996-08-04,9.0,19.0,14.9,0.0,11.7,314.0,1025.7,1126
1996-08-05,11.4,21.6,16.5,0.0,13.2,78.0,1025.2,1127
1996-08-06,11.0,23.0,17.2,0.0,19.2,91.0,1022.8,1128
1996-08-07,13.9,23.6,18.4,0.0,18.4,112.0,1021.1,1129
1996-08-11,16.0,25.0,20.1,0.0,28.3,97.0,1013.5,1133
1996-08-12,17.0,25.2,20.4,0.0,26.4,90.0,1014.2,1134
1996-08-15,15.0,21.1,18.1,0.0,12.4,357.0,1013.2,1137
1996-08-19,15.4,25.0,19.1,0.0,10.7,156.0,1024.9,1141
1996-08-29,14.9,20.0,17.4,0.0,17.3,137.0,1010.1,1151
1996-08-30,14.0,19.1,16.5,3.4,17.4,124.0,1011.9,1152
1996-09-04,13.0,21.1,16.8,0.0,11.0,7.0,1021.3,1157
1996-09-06,8.0,14.7,11.3,0.0,15.9,11.0,1018.8,1159
1996-09-07,7.6,15.8,12.6,0.0,29.3,17.0,1021.4,1160
1996-09-09,5.1,15.1,11.4,0.0,12.6,1.0,1019.6,1162
1996-09-17,8.6,14.4,11.5,0.0,22.1,63.0,1025.3,1170
1996-09-18,5.0,15.0,10.2,0.0,10.9,62.0,1026.8,1171
1996-09-20,5.0,15.0,10.6,0.0,17.6,79.0,1020.1,1173
1996-09-22,8.2,12.8,9.8,0.0,21.5,76.0,1018.8,1175
1996-09-27,9.0,14.3,11.7,4.7,28.3,160.0,1011.3,1180
1996-09-28,11.5,17.6,12.8,3.9,19.9,255.0,1013.4,1181
2018-07-21,13.7,24.2,19.6,0.0,10.7,277.0,1012.7,9147
2018-07-22,15.4,24.5,20.4,0.0,8.3,245.0,1011.9,9148
2018-07-23,15.8,24.0,20.3,0.0,11.9,280.0,1014.5,9149
2018-07-24,18.0,26.5,22.4,0.0,7.7,292.0,1015.5,9150
2018-07-25,17.7,29.2,23.9,0.0,8.1,350.0,1016.3,9151
2018-07-26,18.9,28.5,23.7,0.0,12.7,354.0,1019.2,9152
2018-07-27,18.6,28.3,23.6,0.0,12.4,90.0,1019.5,9153
2018-07-28,20.6,26.7,23.5,0.0,16.8,103.0,1012.4,9154
2018-07-29,18.1,25.3,21.9,0.4,11.4,237.0,1014.0,9155
2018-07-30,17.2,26.2,22.2,0.0,15.2,124.0,1017.4,9156
2018-07-31,19.3,28.7,23.9,0.0,17.2,124.0,1017.8,9157
2018-08-01,18.9,25.2,22.3,0.0,11.1,328.0,1020.1,9158
2018-08-02,16.3,25.8,21.5,0.0,8.6,292.0,1023.0,9159
2018-08-03,16.2,26.3,21.8,0.0,8.2,254.0,1021.8,9160
2018-08-04,18.1,24.6,21.3,0.0,14.0,287.0,1017.4,9161
2018-08-05,16.2,21.7,19.0,0.0,25.5,291.0,1017.1,9162
2018-08-06,15.6,23.1,19.3,0.0,17.3,262.0,1016.5,9163
2018-08-07,17.2,28.0,22.7,0.0,13.2,136.0,1012.9,9164
2018-08-08,20.6,29.7,24.7,0.0,18.1,156.0,1008.9,9165
2018-08-09,18.0,24.4,21.4,0.0,11.3,230.0,1014.5,9166
2018-08-10,15.6,21.4,20.0,0.4,24.7,215.0,1013.1,9167
2018-08-11,13.9,19.3,16.4,4.8,19.3,204.0,1015.1,9168
2018-08-12,13.0,17.9,15.4,11.3,20.4,253.0,1013.8,9169
2018-08-13,14.5,19.9,17.5,25.1,12.7,137.0,1008.4,9170
2018-08-14,17.0,20.5,18.5,9.5,14.4,250.0,1006.2,9171
2018-08-15,16.0,21.6,18.7,0.0,14.6,265.0,1014.1,9172
2018-08-16,17.1,23.9,20.3,0.0,14.8,177.0,1015.8,9173
2018-08-17,15.1,21.7,18.8,0.0,8.0,252.0,1015.6,9174
2018-08-18,12.7,21.1,17.5,0.0,15.4,229.0,1018.4,9175
2018-08-19,17.0,20.9,18.7,1.3,16.8,224.0,1016.9,9176
2018-08-20,14.5,20.1,18.2,1.4,22.7,268.0,1013.1,9177
2018-08-21,12.7,19.3,16.0,0.0,14.0,290.0,1020.1,9178
2018-08-22,12.9,23.0,18.1,0.0,15.4,159.0,1018.8,9179
2018-08-23,16.8,23.9,20.1,0.0,12.4,185.0,1010.9,9180
2018-08-24,13.2,18.3,17.0,0.4,16.1,233.0,1005.3,9181
2018-08-25,11.4,15.9,13.4,5.3,14.0,211.0,1006.1,9182
2018-08-26,10.5,17.2,13.9,0.0,15.7,247.0,1010.3,9183
2018-08-27,12.2,16.5,14.5,4.1,20.3,172.0,1008.1,9184
2018-08-28,13.1,19.2,16.1,0.0,15.1,253.0,1015.1,9185
2018-08-29,12.4,19.8,16.4,0.0,11.7,146.0,1017.7,9186
2018-08-30,15.5,18.1,16.5,24.1,11.9,66.0,1013.3,9187
2018-08-31,14.4,17.7,15.9,6.4,16.0,328.0,1017.4,9188
2018-09-01,13.2,18.5,15.7,0.0,14.1,322.0,1024.1,9189
2018-09-02,12.7,20.2,16.4,0.0,7.9,45.0,1028.5,9190
2018-09-03,14.6,20.6,17.1,0.0,12.5,92.0,1024.4,9191
2018-09-04,13.5,20.8,16.9,0.0,7.6,36.0,1020.3,9192
2018-09-05,13.4,21.2,17.1,0.0,5.9,9.0,1020.7,9193
2018-09-06,14.1,20.4,17.1,0.0,12.2,105.0,1016.9,9194
2018-09-07,14.3,19.2,16.9,0.4,16.8,130.0,1011.1,9195
2018-09-08,11.2,17.2,14.3,0.0,17.9,197.0,1015.3,9196
2018-09-09,13.3,18.4,15.7,0.0,16.5,172.0,1019.3,9197
2018-09-10,14.1,18.9,16.6,0.6,16.0,204.0,1018.1,9198
2018-09-11,13.3,17.2,15.1,6.8,19.8,216.0,1014.7,9199
2018-09-12,12.4,15.4,14.1,1.3,21.5,253.0,1015.6,9200
2018-09-13,10.2,16.6,13.4,0.0,14.7,244.0,1019.4,9201
2018-09-14,11.1,17.0,14.0,0.0,16.6,218.0,1017.5,9202
2018-09-15,11.1,15.5,13.7,1.3,18.5,254.0,1016.6,9203
2018-09-16,9.0,16.6,13.2,0.0,14.4,214.0,1020.6,9204
2018-09-17,14.8,18.7,16.6,0.0,16.8,221.0,1016.2,9205
2018-09-18,14.4,22.7,18.3,0.0,15.9,172.0,1012.7,9206
2018-09-19,15.3,20.4,17.7,0.0,16.4,208.0,1013.3,9207
2018-09-20,16.3,18.9,17.5,2.2,18.6,211.0,1012.2,9208
2018-09-21,12.0,20.6,16.8,2.1,26.3,192.0,1001.5,9209
2018-09-22,11.1,14.3,12.4,0.0,29.9,247.0,1007.0,9210
2018-09-23,9.7,14.1,11.6,0.0,24.7,271.0,1008.1,9211
2018-09-24,7.8,11.5,9.6,0.0,23.4,305.0,1017.8,9212
2018-09-25,6.4,13.1,9.8,0.0,16.1,281.0,1032.0,9213
2018-09-26,9.8,15.4,13.2,1.4,31.9,237.0,1023.3,9214
2018-09-27,13.8,18.3,15.8,0.0,27.9,258.0,1018.3,9215
2018-09-28,8.4,13.9,11.6,0.0,25.5,297.0,1019.1,9216
2018-09-29,7.0,13.2,10.3,0.0,16.6,256.0,1024.2,9217
2018-09-30,10.7,14.6,12.2,0.0,19.6,232.0,1013.8,9218
2018-10-01,8.4,12.9,10.3,0.0,10.9,267.0,1010.0,9219
2018-10-02,7.5,10.9,9.0,0.7,23.9,249.0,1005.0,9220
2018-10-03,8.4,12.0,10.0,0.6,29.2,296.0,1009.3,9221
2018-10-04,8.2,13.8,10.9,0.0,14.4,240.0,1020.0,9222
2018-10-05,12.8,15.4,14.0,0.0,17.8,220.0,1016.8,9223
2018-10-06,10.5,15.1,12.4,0.0,8.2,284.0,1010.1,9224
2018-10-07,7.7,12.5,9.8,0.7,13.7,326.0,1015.5,9225
2018-10-08,7.6,12.7,10.4,0.0,18.2,202.0,1019.3,9226
2018-10-09,11.0,15.3,12.8,0.0,17.5,212.0,1018.6,9227
2018-10-10,10.3,16.8,13.0,0.0,10.0,168.0,1023.1,9228
2018-10-11,12.1,17.4,14.4,0.0,24.3,116.0,1020.3,9229
2018-10-12,12.8,18.0,14.8,0.0,16.3,146.0,1020.4,9230
2018-10-13,13.8,19.9,16.2,0.0,15.9,154.0,1021.6,9231
2018-10-14,13.3,17.4,15.1,0.0,20.3,142.0,1015.8,9232
2018-10-15,12.5,17.8,14.4,0.0,12.8,148.0,1014.1,9233
2018-10-16,11.4,17.9,14.0,0.0,6.5,174.0,1017.2,9234
2018-10-17,11.8,17.2,13.7,0.0,7.3,164.0,1019.2,9235
2018-10-18,8.1,13.8,11.6,0.0,13.9,311.0,1021.5,9236
2018-10-19,6.5,11.9,8.9,0.0,8.3,280.0,1025.0,9237
2018-10-20,7.7,12.8,9.9,0.0,12.7,273.0,1025.3,9238
2018-10-21,7.0,13.4,10.6,0.0,13.8,223.0,1024.9,9239
2018-10-22,8.5,13.1,10.8,1.2,24.2,277.0,1023.3,9240
2018-10-23,8.9,12.1,10.5,11.8,39.1,276.0,1004.8,9241
2018-10-24,6.6,10.6,8.4,0.5,21.2,304.0,1010.2,9242
2018-10-25,8.8,12.1,10.4,2.9,35.1,285.0,1004.4,9243
2018-10-26,7.4,9.7,8.5,9.5,14.6,233.0,1000.3,9244
2018-10-27,2.3,7.6,5.3,2.9,18.4,327.0,1000.7,9245
2018-10-28,-0.3,3.9,2.1,0.0,14.3,43.0,1020.7,9246
2018-10-29,2.3,6.8,4.3,0.5,24.9,67.0,1016.2,9247
2018-10-30,6.9,13.2,10.3,1.3,25.6,112.0,996.3,9248
2018-10-31,7.4,10.6,8.8,1.2,21.2,191.0,1009.8,9249
2018-11-01,7.3,11.3,9.2,0.0,16.4,108.0,1015.8,9250
2018-11-02,7.9,10.9,9.2,0.0,16.6,196.0,1015.5,9251
2018-11-03,5.7,10.2,7.4,0.0,11.7,218.0,1027.2,9252
2018-11-04,4.8,9.6,7.6,0.0,16.8,131.0,1023.0,9253
2018-11-05,9.2,10.3,9.9,0.0,14.6,100.0,1015.9,9254
2018-11-06,8.8,12.2,10.1,0.0,14.1,125.0,1011.0,9255
2018-11-07,8.4,11.5,9.6,0.0,12.5,116.0,1011.8,9256
2018-11-08,7.3,10.3,8.5,0.0,5.4,171.0,1019.0,9257
2018-11-09,7.2,9.5,8.4,0.3,9.2,92.0,1018.9,9258
2018-11-10,9.0,10.3,9.5,1.0,22.9,130.0,1010.2,9259
2018-11-11,9.8,10.2,10.0,12.0,19.9,145.0,1008.6,9260
2018-11-12,8.8,10.3,9.5,3.6,10.4,172.0,1014.0,9261
2018-11-13,7.9,10.0,8.8,1.7,13.4,219.0,1016.8,9262
2018-11-14,8.0,10.5,8.9,0.5,12.7,236.0,1024.9,9263
2018-11-15,7.9,10.5,8.9,0.9,12.2,162.0,1029.6,9264
2018-11-16,5.8,8.9,7.3,0.0,18.5,140.0,1035.7,9265
2018-11-17,3.1,6.6,5.0,0.0,9.9,116.0,1040.5,9266
2018-11-18,2.5,6.2,4.7,0.0,13.2,31.0,1036.5,9267
2018-11-19,3.3,5.0,4.2,0.0,20.8,52.0,1032.1,9268
2018-11-20,3.6,4.8,4.3,0.0,24.4,80.0,1027.2,9269
2018-11-21,4.0,5.2,4.5,0.0,24.3,87.0,1027.8,9270
2018-11-22,3.0,4.1,3.6,0.0,15.4,98.0,1027.9,9271
2018-11-23,2.1,3.1,2.6,0.2,10.4,118.0,1023.8,9272
2018-11-24,1.5,3.2,2.4,0.2,6.0,32.0,1017.0,9273
2018-11-25,0.3,2.8,1.9,0.6,11.8,53.0,1017.5,9274
2018-11-26,-1.7,1.7,-0.3,0.0,8.0,24.0,1019.0,9275
2018-11-27,-2.9,0.1,-1.8,0.0,6.8,55.0,1024.0,9276
2018-11-28,-2.5,2.6,0.6,0.1,22.3,126.0,1027.5,9277
2018-11-29,1.8,3.9,2.7,8.1,33.5,155.0,1016.7,9278
2018-11-30,3.9,5.1,4.5,2.8,22.9,161.0,1010.6,9279
2018-12-01,4.8,6.4,5.8,0.0,16.0,184.0,1009.6,9280
2018-12-02,5.6,7.1,6.2,10.4,19.2,155.0,998.9,9281
2018-12-03,7.2,9.1,8.2,2.0,16.8,213.0,993.2,9282
2018-12-04,3.5,7.5,5.7,0.0,31.9,273.0,1005.9,9283
2018-12-05,2.6,5.3,3.4,0.0,15.4,236.0,1021.9,9284
2018-12-06,2.6,7.2,4.2,6.0,17.5,162.0,1012.5,9285
2018-12-07,7.2,9.2,8.2,9.4,17.3,213.0,998.3,9286
2018-12-08,6.0,8.7,7.0,5.9,28.2,226.0,987.3,9287
2018-12-09,4.2,7.2,6.2,1.2,19.8,257.0,985.8,9288
2018-12-10,3.9,5.3,4.4,0.5,25.5,296.0,1001.1,9289
2018-12-11,2.8,4.3,3.8,0.3,22.1,352.0,1015.6,9290
2018-12-12,0.4,2.9,1.7,0.0,12.9,27.0,1028.4,9291
2018-12-13,0.1,1.9,0.9,0.0,13.8,48.0,1029.2,9292
2018-12-14,0.4,1.8,1.1,0.2,14.7,65.0,1029.7,9293
2018-12-15,0.6,2.1,1.3,0.4,12.7,90.0,1030.3,9294
2018-12-16,-0.3,1.6,0.9,0.5,17.7,126.0,1019.1,9295
2018-12-17,-1.2,0.3,-0.4,0.0,6.4,129.0,1020.3,9296
2018-12-18,0.1,3.9,2.1,0.1,16.5,125.0,1024.1,9297
2018-12-19,2.9,3.9,3.4,1.2,24.9,134.0,1016.7,9298
2018-12-20,3.4,4.2,3.9,0.6,16.4,123.0,1013.4,9299
2018-12-21,4.1,4.6,4.3,7.9,21.9,112.0,1004.7,9300
2018-12-22,-0.8,4.1,1.3,4.8,11.4,37.0,1006.3,9301
2018-12-23,-1.4,0.7,0.0,2.1,8.0,69.0,1014.0,9302
2018-12-24,-2.0,2.0,-0.1,0.0,11.7,310.0,1022.0,9303
2018-12-25,2.2,6.4,4.9,0.0,27.2,282.0,1021.5,9304
2018-12-26,4.3,6.9,5.5,0.0,18.3,277.0,1021.4,9305
2018-12-27,6.9,7.7,7.2,0.0,22.0,269.0,1018.3,9306
2018-12-28,5.1,6.8,5.8,0.1,16.6,283.0,1020.9,9307
2018-12-29,5.6,6.8,6.2,5.0,14.8,241.0,1018.4,9308
2018-12-30,2.0,5.8,4.3,1.0,17.1,312.0,1020.3,9309
2018-12-31,1.8,6.8,4.2,1.7,13.2,234.0,1025.2,9310
2019-01-01,4.8,7.3,6.4,1.4,43.2,282.0,1007.6,9311
2019-01-02,0.2,4.3,2.0,0.0,31.3,340.0,1025.3,9312
2019-01-03,-0.2,3.0,1.1,0.0,12.6,319.0,1033.0,9313
2019-01-04,0.9,5.1,3.7,0.0,17.4,290.0,1023.8,9314
2019-01-05,1.6,6.1,4.2,0.0,11.9,351.0,1021.7,9315
2019-01-06,0.8,3.2,2.1,0.0,5.8,245.0,1027.4,9316
2019-01-07,3.0,5.6,4.1,4.2,14.5,232.0,1019.8,9317
2019-01-08,2.3,5.6,4.2,8.6,26.3,294.0,995.5,9318
2019-01-09,-0.9,2.2,1.1,0.0,28.4,1.0,1013.1,9319
2019-01-10,-2.1,1.9,-0.2,0.3,10.0,303.0,1022.4,9320
2019-01-11,1.7,6.4,4.2,0.1,18.6,282.0,1011.5,9321
2019-01-12,0.9,4.8,3.2,3.2,16.1,260.0,1003.7,9322
2019-01-13,3.9,6.7,5.2,6.2,24.4,275.0,987.8,9323
2019-01-14,0.6,3.8,1.6,0.2,32.3,307.0,995.4,9324
2019-01-15,0.3,5.9,3.1,2.4,23.8,280.0,1001.6,9325
2019-01-16,4.9,6.8,5.9,4.2,23.7,241.0,997.3,9326
2019-01-17,-1.4,6.0,2.9,3.0,21.0,282.0,992.7,9327
2019-01-18,-2.0,1.3,-0.6,0.0,13.1,283.0,1011.4,9328
2019-01-19,-0.8,2.2,0.4,0.0,12.4,247.0,1017.5,9329
2019-01-20,-1.1,1.4,-0.1,0.0,10.9,252.0,1018.7,9330
2019-01-21,-0.5,2.0,0.7,2.1,15.8,241.0,1015.7,9331
2019-01-22,-0.5,1.1,0.3,0.0,11.0,177.0,1010.2,9332
2019-01-23,-1.6,-0.2,-1.1,0.0,21.3,130.0,1007.6,9333
2019-01-24,-2.7,-1.3,-2.0,0.0,14.9,126.0,1014.2,9334
2019-01-25,-3.8,-2.5,-3.2,0.1,8.4,161.0,1013.1,9335
2019-01-26,-3.9,0.7,-1.6,1.5,18.3,130.0,1000.8,9336
2019-01-27,0.7,2.5,1.7,10.3,23.5,120.0,987.5,9337
2019-01-28,0.9,2.9,2.2,2.7,10.7,216.0,988.5,9338
2019-01-29,-1.1,1.5,0.1,0.3,12.8,259.0,998.8,9339
2019-01-30,-1.3,1.6,0.1,0.0,16.0,135.0,1002.3,9340
2019-01-31,0.2,1.4,0.8,0.0,24.9,116.0,1001.4,9341
2019-02-01,0.4,1.7,0.9,0.1,17.7,94.0,1000.9,9342
2019-02-02,0.4,1.6,1.0,1.3,15.7,37.0,1000.4,9343
2019-02-03,-1.2,1.2,0.4,0.4,16.8,317.0,1012.2,9344
2019-02-04,-1.3,2.0,0.5,0.9,18.0,203.0,1020.1,9345
2019-02-05,1.9,5.3,3.6,1.4,26.8,243.0,1017.2,9346
2019-02-06,2.1,3.5,2.6,3.1,15.6,207.0,1019.5,9347
2019-02-07,3.1,4.5,3.6,5.3,18.5,176.0,1006.9,9348
2019-02-08,4.3,5.6,5.0,2.1,27.4,206.0,1004.0,9349
2019-02-09,5.2,6.4,5.7,9.9,30.2,202.0,994.3,9350
2019-02-10,3.2,5.5,4.6,7.3,19.1,191.0,992.7,9351
2019-02-11,1.0,4.0,2.8,0.7,24.1,311.0,1001.9,9352
2019-02-12,0.0,3.6,1.8,0.3,17.1,283.0,1023.0,9353
2019-02-13,3.8,7.7,6.0,0.5,23.7,268.0,1024.8,9354
2019-02-14,4.6,6.5,5.8,0.0,15.5,250.0,1030.8,9355
2019-02-15,3.2,8.2,5.1,0.0,11.8,230.0,1030.0,9356
2019-02-16,2.9,8.4,5.5,0.0,15.9,219.0,1021.2,9357
2019-02-17,5.4,7.9,6.3,0.0,11.4,210.0,1021.6,9358
2019-02-18,3.8,8.4,5.8,0.0,12.8,176.0,1016.6,9359
2019-02-19,4.7,6.9,5.6,2.2,21.6,238.0,1008.1,9360
2019-02-20,4.4,7.1,5.6,1.9,19.8,261.0,1015.2,9361
2019-02-21,5.2,7.7,6.4,13.5,16.1,266.0,1018.9,9362
2019-02-22,-0.1,4.6,1.8,0.0,15.8,110.0,1040.0,9363
2019-02-23,-0.4,4.5,1.8,0.0,12.4,200.0,1041.7,9364
2019-02-24,1.7,8.9,5.0,0.0,11.9,259.0,1036.3,9365
2019-02-25,3.5,7.8,5.8,0.0,15.5,283.0,1034.2,9366
2019-02-26,4.9,9.8,7.0,0.0,10.5,282.0,1031.6,9367
2019-02-27,4.1,10.8,7.2,0.0,16.3,257.0,1021.5,9368
2019-02-28,1.8,8.4,5.6,0.0,15.7,309.0,1009.1,9369
2019-03-01,0.9,5.2,2.5,0.0,6.2,109.0,1011.6,9370
2019-03-02,0.6,4.7,2.7,0.0,12.5,203.0,1011.3,9371
2019-03-03,4.2,8.6,6.5,3.6,21.3,220.0,998.4,9372
2019-03-04,5.7,8.0,6.7,12.0,23.7,204.0,983.3,9373
2019-03-05,2.9,5.8,4.5,13.5,21.2,277.0,992.1,9374
2019-03-06,2.9,6.2,4.6,7.7,18.7,157.0,1004.0,9375
2019-03-07,5.8,8.0,6.8,6.0,21.8,186.0,990.3,9376
2019-03-08,3.7,6.8,5.6,2.3,34.7,248.0,994.3,9377
2019-03-09,3.5,6.6,4.8,5.3,28.5,235.0,996.3,9378
2019-03-10,0.7,6.1,4.0,1.9,23.8,286.0,996.9,9379
2019-03-11,-0.8,4.4,1.5,0.0,10.7,288.0,1006.9,9380
2019-03-12,0.0,5.2,2.9,7.3,19.9,211.0,1009.7,9381
2019-03-13,3.5,5.7,4.7,7.9,26.8,193.0,991.0,9382
2019-03-14,3.9,6.2,4.8,5.7,19.1,225.0,990.8,9383
2019-03-15,4.1,6.4,4.8,10.4,19.2,249.0,989.2,9384
2019-03-16,4.2,7.4,5.4,9.5,24.8,250.0,996.7,9385
2019-03-17,5.3,8.5,7.0,5.4,30.2,218.0,990.6,9386
2019-03-18,2.9,6.7,5.2,0.5,27.6,269.0,1000.3,9387
2019-03-19,1.6,6.4,3.8,0.0,14.3,298.0,1021.9,9388
2019-03-20,1.8,8.8,5.5,1.2,18.2,238.0,1026.5,9389
2019-03-21,5.7,11.3,8.6,0.0,21.8,247.0,1028.0,9390
2019-03-22,4.6,8.8,7.0,0.0,12.1,192.0,1030.5,9391
2019-03-23,4.2,9.8,7.4,0.0,18.1,263.0,1024.8,9392
2019-03-24,3.2,8.0,5.4,0.0,19.0,259.0,1022.9,9393
2019-03-25,2.7,6.7,4.4,4.0,18.8,303.0,1012.9,9394
2019-03-26,2.3,7.3,4.7,0.0,20.6,300.0,1020.4,9395
2019-03-27,3.5,9.9,7.0,0.2,17.7,273.0,1024.5,9396
2019-03-28,6.3,11.5,8.5,0.0,14.4,285.0,1029.7,9397
2019-03-29,6.2,12.2,8.9,0.0,21.4,249.0,1027.6,9398
2019-03-30,5.1,12.7,8.7,0.0,18.8,243.0,1019.2,9399
2019-04-01,0.0,7.1,3.3,0.0,10.6,104.0,1028.3,9401
2019-04-02,1.8,8.1,5.1,0.0,27.4,125.0,1016.4,9402
2019-04-03,6.4,10.9,8.4,0.0,21.3,109.0,1006.2,9403
2019-04-04,7.1,13.0,9.6,0.0,23.8,96.0,1003.8,9404
2019-04-05,7.4,14.2,10.1,0.0,22.5,89.0,1008.2,9405
2019-04-06,7.7,13.4,10.0,0.0,16.9,100.0,1011.8,9406
2019-04-07,5.9,14.1,9.7,0.0,8.7,41.0,1011.4,9407
2019-04-08,4.2,9.8,7.2,0.0,13.4,10.0,1015.4,9408
2019-04-09,1.4,6.4,3.8,0.0,14.8,1.0,1019.2,9409
2019-04-10,-0.3,5.2,2.4,0.0,11.5,34.0,1022.0,9410
2019-04-11,0.4,5.2,2.5,0.0,9.1,56.0,1027.9,9411
2019-04-12,-0.4,4.5,2.0,0.0,9.9,79.0,1030.8,9412
2019-04-13,-0.9,5.0,2.1,0.0,13.7,72.0,1031.1,9413
2019-04-14,0.6,8.0,4.1,0.0,16.5,72.0,1032.2,9414
2019-04-15,0.9,8.0,4.5,0.0,13.8,82.0,1033.7,9415
2019-04-16,1.0,8.4,4.9,0.0,17.3,85.0,1029.3,9416
2019-04-17,2.7,12.2,7.4,0.0,12.4,93.0,1032.2,9417
2019-04-18,4.6,14.4,9.5,0.0,10.4,82.0,1035.1,9418
2019-04-19,4.5,14.2,9.4,0.0,7.6,102.0,1036.8,9419
2019-04-20,3.7,15.7,10.1,0.0,6.9,314.0,1033.5,9420
2019-04-21,4.5,16.0,10.6,0.0,7.2,287.0,1025.6,9421
2019-04-22,5.2,14.1,10.0,0.0,16.7,101.0,1021.6,9422
2019-04-23,7.7,16.1,11.9,0.0,29.4,99.0,1018.1,9423
2019-04-24,10.1,15.5,12.6,0.0,27.5,104.0,1010.9,9424
2019-04-25,10.3,16.6,13.2,0.0,15.1,123.0,1011.3,9425
2019-04-26,9.6,19.0,13.6,0.0,13.1,110.0,1010.8,9426
2019-04-27,8.9,12.6,11.2,9.8,14.4,287.0,1009.9,9427
2019-04-28,8.3,13.2,10.4,0.6,11.4,318.0,1015.4,9428
2019-04-29,9.0,15.4,11.7,1.3,10.2,5.0,1022.1,9429
2019-04-30,7.6,15.2,11.9,0.0,7.9,193.0,1018.9,9430
2019-05-01,10.3,13.5,11.7,0.0,22.5,284.0,1009.4,9431
2019-05-02,8.1,11.3,10.0,0.3,35.8,286.0,998.7,9432
2019-05-03,5.0,9.4,7.6,1.8,22.3,282.0,1001.7,9433
2019-05-04,4.2,8.7,6.4,0.2,20.2,309.0,1003.7,9434
2019-05-05,4.6,11.3,8.0,0.1,16.7,267.0,1012.6,9435
2019-05-06,6.1,9.5,7.5,0.6,23.8,257.0,1011.3,9436
2019-05-07,5.2,9.2,7.2,0.8,24.7,266.0,1013.0,9437
2019-05-08,5.2,10.3,7.8,2.8,16.9,146.0,1009.5,9438
2019-05-09,8.4,11.6,9.8,7.4,19.3,128.0,999.6,9439
2019-05-10,7.5,12.5,10.1,2.7,12.7,174.0,1005.1,9440
2019-05-11,6.8,12.3,9.5,0.0,15.4,291.0,1014.4,9441
2019-05-12,7.0,11.7,9.1,0.0,19.4,305.0,1025.8,9442
2019-05-13,6.7,12.1,9.4,0.0,16.4,318.0,1034.5,9443
2019-05-14,5.0,12.4,9.1,0.0,7.3,355.0,1035.3,9444
2019-05-15,6.3,14.1,10.4,0.0,7.7,352.0,1030.0,9445
2019-05-16,7.7,16.1,11.8,0.0,15.6,49.0,1023.5,9446
2019-05-17,9.8,12.0,11.0,11.4,18.4,77.0,1015.3,9447
2019-05-18,9.5,16.0,12.7,1.6,13.2,99.0,1012.3,9448
2019-05-19,11.5,18.0,14.6,0.3,9.9,82.0,1010.4,9449
2019-05-20,12.7,18.6,15.5,0.0,6.9,38.0,1007.4,9450
2019-05-21,14.0,18.6,15.6,9.0,7.9,86.0,1006.5,9451
2019-05-22,11.6,15.7,14.1,0.0,14.4,290.0,1010.6,9452
2019-05-23,9.8,15.0,12.4,0.0,16.9,267.0,1016.2,9453
2019-05-24,10.2,16.1,13.1,0.8,17.1,236.0,1011.2,9454
2019-05-25,10.2,16.1,12.9,0.0,19.3,272.0,1011.0,9455
2019-05-26,10.6,13.0,11.8,3.3,20.7,252.0,1006.4,9456
2019-05-27,11.5,15.1,13.0,3.0,18.8,242.0,1002.6,9457
2019-05-28,10.1,13.7,11.7,0.0,18.2,275.0,1006.5,9458
2019-05-29,7.9,12.8,10.3,0.0,19.8,283.0,1018.3,9459
2019-05-30,8.3,13.8,11.8,3.7,17.8,191.0,1019.1,9460
2019-05-31,12.3,15.7,13.7,4.4,12.7,265.0,1019.0,9461
2019-06-01,12.8,17.4,14.9,0.2,17.3,237.0,1018.3,9462
2019-06-02,11.8,18.7,15.0,0.0,13.4,201.0,1017.3,9463
2019-06-03,14.7,22.1,18.1,2.4,13.9,187.0,1011.8,9464
2019-06-04,14.0,18.7,16.3,0.0,8.1,298.0,1014.5,9465
2019-06-05,14.3,23.8,18.9,0.0,17.6,110.0,1010.5,9466
2019-06-06,17.0,24.1,19.6,3.5,19.9,119.0,1009.5,9467
2019-06-07,13.3,17.9,15.8,8.8,13.2,292.0,1014.2,9468
2019-06-08,13.5,17.1,15.4,2.6,16.1,171.0,1014.7,9469
2019-06-09,13.1,17.8,15.3,0.0,18.1,217.0,1021.4,9470
2019-06-10,12.2,17.3,14.8,1.6,10.9,81.0,1019.6,9471
2019-06-11,13.6,19.4,16.5,8.4,15.4,72.0,1012.9,9472
2019-06-12,15.3,20.9,18.0,7.0,18.2,83.0,1010.7,9473
2019-06-13,15.1,20.1,17.6,0.0,12.9,206.0,1012.7,9474
2019-06-14,14.8,21.9,18.0,0.0,14.5,130.0,1018.5,9475
2019-06-15,15.9,20.0,17.7,4.1,19.5,101.0,1014.9,9476
2019-06-16,15.3,19.3,17.0,0.0,16.4,271.0,1016.5,9477
2019-06-17,14.4,21.0,17.7,0.0,10.4,238.0,1021.3,9478
2019-06-18,15.2,22.0,18.7,0.0,15.1,142.0,1017.9,9479
2019-06-19,17.3,23.9,20.3,0.0,16.1,125.0,1010.7,9480
2019-06-20,17.3,20.8,19.1,3.2,11.8,221.0,1008.0,9481
2019-06-21,14.9,18.9,17.0,0.0,13.6,273.0,1015.5,9482
2019-06-22,12.5,18.5,15.3,0.0,13.6,293.0,1023.7,9483
2019-06-23,11.2,20.0,16.0,0.0,5.6,13.0,1026.0,9484
2019-06-24,11.6,21.8,17.3,0.0,10.3,83.0,1027.3,9485
2019-06-25,14.4,24.7,19.9,0.0,18.4,110.0,1024.0,9486
2019-06-26,18.1,25.1,21.6,0.0,15.9,292.0,1018.5,9487
2019-06-27,14.8,19.9,17.4,0.0,24.4,304.0,1021.1,9488
2019-06-28,15.4,21.9,18.8,0.0,12.8,292.0,1023.3,9489
2019-06-29,15.8,23.8,19.5,0.0,15.3,267.0,1019.1,9490
2019-06-30,17.4,27.8,22.3,0.0,17.2,230.0,1010.0,9491
2019-07-01,16.6,20.1,18.5,0.0,28.9,261.0,1009.0,9492
2019-07-02,13.1,16.4,15.0,0.1,33.6,285.0,1013.4,9493
2019-07-03,11.3,15.8,13.7,0.0,30.6,292.0,1018.1,9494
2019-07-04,11.9,14.9,13.5,10.3,29.7,278.0,1015.7,9495
2019-07-05,12.4,18.3,15.3,1.7,22.1,292.0,1010.3,9496
2019-07-06,13.5,16.0,14.6,7.9,19.2,261.0,1004.8,9497
2019-07-07,12.9,17.0,15.0,1.8,25.2,298.0,1005.2,9498
2019-07-08,13.3,17.6,15.3,1.5,20.4,302.0,1010.9,9499
2019-07-09,13.8,18.2,16.0,0.0,19.9,306.0,1014.0,9500
2019-07-10,14.6,19.4,17.0,0.0,18.5,314.0,1015.5,9501
2019-07-11,13.9,21.2,17.5,0.0,11.0,278.0,1013.3,9502
2019-07-12,13.9,21.0,17.6,0.0,5.8,161.0,1010.7,9503
2019-07-13,14.1,21.8,18.4,0.3,7.4,105.0,1012.6,9504
2019-07-14,15.7,20.9,18.2,0.0,10.4,263.0,1015.1,9505
2019-07-15,15.2,18.6,16.8,0.0,13.5,250.0,1012.9,9506
2019-07-16,14.2,19.7,17.0,0.0,14.2,309.0,1011.8,9507
2019-07-17,15.0,21.2,18.0,0.0,11.9,323.0,1013.9,9508
2019-07-18,13.8,22.7,18.5,0.0,8.1,196.0,1013.1,9509
2019-07-19,16.8,22.3,19.3,3.4,12.0,159.0,1012.1,9510
2019-07-20,15.3,22.2,18.9,1.9,12.3,147.0,1013.7,9511
2019-07-21,17.1,21.3,19.0,7.7,17.6,231.0,1013.7,9512
2019-07-22,15.2,19.0,17.0,5.5,16.8,247.0,1020.0,9513
2019-07-23,16.8,23.6,19.9,1.2,14.1,277.0,1019.2,9514
2019-07-24,16.8,25.9,21.3,0.0,6.4,98.0,1019.4,9515
2019-07-25,17.9,25.7,21.5,0.0,11.5,129.0,1020.4,9516
2019-07-26,17.1,27.1,22.2,0.0,8.8,101.0,1018.6,9517
2019-07-27,17.6,25.2,21.3,0.0,17.6,85.0,1014.0,9518
2019-07-28,18.6,23.1,20.8,3.4,19.1,85.0,1008.4,9519
2019-07-29,18.7,27.1,22.8,0.0,9.0,96.0,1009.6,9520
2019-07-30,17.5,23.8,20.8,7.7,10.2,119.0,1011.4,9521
2019-07-31,15.9,17.9,16.9,14.1,19.5,105.0,1016.4,9522
2019-08-01,14.9,18.2,16.4,6.2,10.6,117.0,1017.5,9523
2019-08-02,14.4,20.9,17.8,0.3,7.3,310.0,1015.9,9524
2019-08-03,15.8,22.9,19.5,0.2,10.0,323.0,1014.9,9525
2019-08-04,15.9,21.0,18.7,0.0,8.8,273.0,1014.1,9526
2019-08-05,16.2,21.6,18.6,0.0,9.0,236.0,1011.1,9527
2019-08-06,16.9,21.3,19.0,0.6,13.0,227.0,1006.7,9528
2019-08-07,16.6,21.4,18.8,5.7,11.4,218.0,1005.3,9529
2019-08-08,16.2,19.8,17.9,2.6,17.2,243.0,1005.6,9530
2019-08-09,15.8,21.6,18.3,0.0,15.6,250.0,1010.0,9531
2019-08-10,17.7,21.6,19.4,14.7,18.3,178.0,1006.7,9532
2019-08-11,17.6,21.3,19.3,0.0,22.3,227.0,1009.8,9533
2019-08-12,17.2,21.7,19.1,0.0,17.5,223.0,1010.9,9534
2019-08-13,14.6,17.9,16.4,5.1,16.9,247.0,1010.9,9535
2019-08-14,12.9,18.0,15.4,0.0,17.6,256.0,1013.5,9536
2019-08-15,13.8,17.5,15.8,5.8,14.7,168.0,1009.9,9537
2019-08-16,15.6,19.3,17.3,1.8,14.0,242.0,1010.8,9538
2019-08-17,15.2,18.6,16.8,5.9,15.4,173.0,1008.1,9539
2019-08-18,16.1,18.8,17.2,13.7,10.7,204.0,1004.7,9540
2019-08-19,15.1,19.3,17.1,0.0,17.0,233.0,1010.8,9541
2019-08-20,15.0,19.2,16.9,1.5,15.1,229.0,1018.7,9542
2019-08-21,14.1,18.7,16.3,0.0,13.1,260.0,1025.1,9543
2019-08-22,14.0,21.7,17.7,0.0,12.3,198.0,1026.2,9544
2019-08-23,16.2,22.2,19.1,0.0,13.4,230.0,1024.6,9545
2019-08-24,15.9,22.9,19.2,0.0,6.2,12.0,1026.3,9546
2019-08-25,16.3,24.8,20.2,0.0,12.3,103.0,1024.6,9547
2019-08-26,16.8,25.9,21.0,0.0,12.1,105.0,1023.1,9548
2019-08-27,17.4,26.6,21.9,0.0,13.4,93.0,1020.5,9549
2019-08-28,19.9,24.2,21.5,1.6,14.7,115.0,1015.1,9550
2019-08-29,19.0,22.2,20.6,2.0,10.1,235.0,1015.2,9551
2019-08-30,16.0,22.2,19.0,0.0,11.1,233.0,1021.5,9552
2019-08-31,16.5,24.6,20.4,0.0,13.0,135.0,1017.1,9553
2019-09-01,16.0,21.0,19.3,4.4,14.4,255.0,1009.0,9554
2019-09-02,13.6,17.5,15.6,0.0,18.4,269.0,1016.7,9555
2019-09-03,13.7,17.6,15.5,3.2,19.1,239.0,1016.2,9556
2019-09-04,14.7,18.7,16.5,4.3,16.7,222.0,1012.8,9557
2019-09-05,13.3,16.3,14.9,5.1,22.8,253.0,1008.8,9558
2019-09-06,11.8,15.4,13.6,4.3,22.3,242.0,1017.2,9559
2019-09-07,13.1,18.1,15.0,2.5,14.5,212.0,1016.1,9560
2019-09-08,12.4,17.0,14.5,0.0,5.5,98.0,1018.7,9561
2019-09-09,12.6,16.0,14.2,16.4,7.6,12.0,1014.1,9562
2019-09-10,14.2,15.9,15.1,23.1,16.6,314.0,1008.3,9563
2019-09-11,13.7,18.2,15.7,3.4,24.2,238.0,1015.4,9564
2019-09-12,14.1,18.4,16.1,0.0,21.8,250.0,1020.3,9565
2019-09-13,13.4,17.0,15.4,2.7,25.9,284.0,1024.3,9566
2019-09-14,12.1,16.4,14.1,0.0,24.0,273.0,1029.5,9567
2019-09-15,13.1,16.4,14.6,0.8,29.7,258.0,1014.8,9568
2019-09-16,11.6,15.0,13.1,0.0,33.6,288.0,1013.3,9569
2019-09-17,10.3,12.2,11.2,4.3,33.6,293.0,1008.5,9570
2019-09-18,10.1,13.4,11.6,1.9,23.2,311.0,1016.9,9571
2019-09-19,9.7,15.0,12.0,0.0,14.8,318.0,1024.8,9572
2019-09-20,10.6,15.3,13.1,0.3,16.5,277.0,1024.2,9573
2019-09-21,11.9,17.0,14.1,0.0,12.3,258.0,1020.7,9574
2019-09-22,10.6,17.3,13.7,0.0,9.3,148.0,1016.4,9575
2019-09-23,11.8,16.0,13.6,0.0,27.1,100.0,1016.9,9576
2019-09-24,11.9,15.9,13.7,1.4,19.8,111.0,1013.3,9577
2019-09-25,12.7,16.0,13.9,1.1,14.9,89.0,1008.2,9578
2019-09-26,11.8,16.0,13.7,0.0,18.4,99.0,1010.0,9579
2019-09-27,13.1,15.8,14.5,10.8,17.4,164.0,1006.5,9580
2019-09-28,12.4,16.7,14.2,2.7,15.5,196.0,1005.1,9581
2019-09-29,12.5,15.3,13.6,4.5,19.2,220.0,997.7,9582
2019-09-30,10.3,14.4,12.5,5.5,22.0,317.0,992.7,9583
2019-10-01,9.0,11.3,10.0,0.0,19.9,271.0,999.1,9584
2019-10-02,8.1,12.5,9.8,2.6,20.2,282.0,1000.8,9585
2019-10-03,6.8,10.5,8.5,0.0,12.1,3.0,1011.9,9586
2019-10-04,6.1,10.4,7.8,0.0,13.5,88.0,1012.5,9587
2019-10-05,4.2,8.7,6.3,0.0,13.3,51.0,1019.2,9588
2019-10-06,3.5,9.1,5.6,0.0,9.1,72.0,1023.6,9589
2019-10-07,2.6,8.6,5.1,0.0,6.0,358.0,1020.9,9590
2019-10-08,5.1,12.2,9.0,4.0,15.7,196.0,1003.3,9591
2019-10-09,10.7,13.7,11.7,0.6,18.3,229.0,1000.7,9592
2019-10-10,10.3,13.5,11.5,0.2,19.2,239.0,1002.4,9593
2019-10-11,11.2,13.6,12.4,17.1,26.3,222.0,1002.2,9594
2019-10-12,12.1,14.1,12.9,4.5,24.2,236.0,1002.6,9595
2019-10-13,11.3,14.0,12.2,6.6,15.7,190.0,1009.1,9596
2019-10-14,9.9,14.7,12.6,3.4,21.4,262.0,1010.4,9597
2019-10-15,9.7,14.7,11.9,0.0,21.4,105.0,1009.5,9598
2019-10-16,10.9,12.5,11.8,4.7,9.7,7.0,1005.4,9599
2019-10-17,10.7,13.2,12.0,2.2,10.8,205.0,1008.5,9600
2019-10-18,10.6,14.1,12.2,5.4,14.7,157.0,1006.6,9601
2019-10-19,10.4,13.7,12.0,5.4,20.5,183.0,1006.0,9602
2019-10-20,10.1,13.4,11.7,3.2,8.6,202.0,1010.3,9603
2019-10-21,9.6,11.8,10.7,1.0,10.3,72.0,1018.0,9604
2019-10-22,11.1,13.1,12.0,0.0,15.7,231.0,1019.5,9605
2019-10-23,9.9,12.7,11.0,0.0,13.6,209.0,1019.4,9606
2019-10-24,10.6,13.0,11.9,0.0,20.2,135.0,1010.3,9607
2019-10-25,11.3,13.4,12.3,0.1,21.2,218.0,1011.2,9608
2019-10-26,12.1,13.7,13.0,8.7,26.9,214.0,1006.6,9609
2019-10-27,9.1,13.6,10.8,2.0,29.1,256.0,1007.4,9610
2019-10-28,5.7,10.2,8.5,0.5,16.3,313.0,1015.4,9611
2019-10-29,3.1,8.6,5.4,0.0,10.1,7.0,1025.9,9612
2019-10-30,2.4,8.5,5.6,0.0,9.6,266.0,1030.0,9613
2019-10-31,6.2,9.1,7.4,0.0,17.3,262.0,1025.3,9614
2019-11-01,4.6,7.7,6.2,1.8,17.9,167.0,1013.0,9615
2019-11-02,6.5,10.1,8.1,5.3,15.2,140.0,991.1,9616
2019-11-03,8.8,11.0,9.7,0.0,10.0,139.0,989.4,9617
2019-11-04,6.4,9.1,7.8,8.4,21.8,73.0,991.6,9618
2019-11-05,2.4,6.5,4.5,7.5,13.7,45.0,997.6,9619
2019-11-06,2.2,4.2,3.0,0.3,7.2,41.0,1001.0,9620
2019-11-07,2.9,6.6,4.7,0.0,12.4,98.0,1003.8,9621
2019-11-08,5.2,8.4,7.1,2.0,12.8,159.0,1007.5,9622
2019-11-09,5.0,7.1,5.8,1.5,10.0,4.0,1006.9,9623
2019-11-10,4.2,6.7,5.2,0.1,8.0,353.0,1011.9,9624
2019-11-11,5.0,7.0,5.7,0.0,19.7,173.0,1008.6,9625
2019-11-12,4.7,6.6,5.6,0.4,21.0,168.0,1002.7,9626
2019-11-13,4.4,7.0,5.5,0.0,14.5,159.0,1001.0,9627
2019-11-14,5.0,7.6,5.8,0.0,10.8,169.0,1008.4,9628
2019-11-15,5.4,8.1,6.8,0.0,27.6,89.0,1013.5,9629
2019-11-16,7.9,8.6,8.3,7.5,23.2,119.0,1004.0,9630
2019-11-17,5.2,7.8,6.3,2.5,17.5,173.0,1013.8,9631
2019-11-18,5.9,9.2,8.2,0.2,23.7,100.0,1007.0,9632
2019-11-19,5.6,8.2,6.9,0.1,19.2,176.0,1009.2,9633
2019-11-20,5.5,7.6,6.7,3.5,12.3,125.0,1019.0,9634
2019-11-21,6.5,8.4,7.6,3.4,15.9,101.0,1015.3,9635
2019-11-22,7.4,8.6,8.1,4.4,20.4,116.0,1011.5,9636
2019-11-23,6.1,8.3,6.9,0.0,27.8,101.0,1013.7,9637
2019-11-24,5.4,6.3,5.9,0.0,28.5,97.0,1014.9,9638
2019-11-25,5.6,6.4,6.0,0.0,21.5,111.0,1013.8,9639
2019-11-26,5.5,6.7,6.0,0.9,14.2,142.0,1006.7,9640
2019-11-27,6.6,7.7,7.2,3.2,18.7,138.0,996.2,9641
2019-11-28,7.2,8.3,7.6,6.0,17.4,186.0,984.9,9642
2019-11-29,2.6,7.3,3.8,2.5,29.0,312.0,996.9,9643
2019-11-30,2.1,4.4,2.9,0.0,12.9,286.0,1016.3,9644
2019-12-01,1.8,4.0,3.1,0.0,15.2,265.0,1018.7,9645
2019-12-02,1.8,4.4,3.4,0.1,16.4,303.0,1016.6,9646
2019-12-03,1.7,6.5,4.0,1.5,16.1,247.0,1020.3,9647
2019-12-04,5.9,7.3,6.6,0.0,19.2,250.0,1017.5,9648
2019-12-05,5.8,6.6,6.2,0.0,22.0,231.0,1012.4,9649
2019-12-06,5.7,7.9,7.0,4.4,29.6,222.0,998.2,9650
2019-12-07,6.0,7.7,7.0,0.9,27.2,261.0,997.6,9651
2019-12-08,5.9,7.9,7.0,9.5,27.2,224.0,991.5,9652
2019-12-09,5.0,6.7,6.1,0.1,29.5,244.0,990.8,9653
2019-12-10,2.0,4.6,3.6,0.0,20.4,258.0,1014.3,9654
2019-12-11,3.6,5.2,4.5,6.4,22.2,194.0,1005.5,9655
2019-12-12,3.1,4.9,4.1,0.2,12.1,195.0,998.3,9656
2019-12-13,3.4,4.4,3.8,0.0,23.3,131.0,987.7,9657
2019-12-14,2.3,4.5,3.5,4.9,18.7,175.0,982.5,9658
2019-12-15,4.0,5.9,4.9,2.3,29.2,224.0,989.8,9659
2019-12-16,4.7,6.2,5.5,0.0,19.8,213.0,1003.3,9660
2019-12-17,4.8,7.9,6.1,4.5,14.8,160.0,1002.2,9661
2019-12-18,5.2,8.0,6.4,3.8,21.2,244.0,1008.8,9662
2019-12-19,4.2,6.2,5.3,0.0,20.4,149.0,1015.6,9663
2019-12-20,5.2,6.4,5.7,0.0,22.8,126.0,997.3,9664
2019-12-21,4.8,7.0,6.0,4.2,11.8,203.0,990.2,9665
2019-12-22,4.3,5.4,4.9,0.0,18.8,127.0,990.0,9666
2019-12-23,5.0,6.1,5.5,3.5,15.1,153.0,997.2,9667
2019-12-24,4.3,6.1,5.2,0.3,12.7,223.0,1005.7,9668
2019-12-25,3.5,5.2,4.3,0.0,10.5,270.0,1012.6,9669
2019-12-26,1.6,4.7,3.4,0.0,12.2,327.0,1020.9,9670
2019-12-27,-0.9,1.7,0.7,0.0,10.0,24.0,1032.0,9671
2019-12-28,-3.8,-0.3,-1.7,0.0,7.1,138.0,1041.8,9672
2019-12-29,-0.8,3.2,1.3,0.0,18.9,214.0,1033.3,9673
2019-12-30,3.0,7.1,5.6,0.0,25.4,247.0,1019.0,9674
2019-12-31,4.1,7.1,5.7,0.0,27.5,295.0,1022.4,9675
2020-01-01,3.5,5.9,4.9,0.0,20.8,265.0,1027.9,9676
2020-01-02,1.9,3.2,2.6,0.0,20.7,236.0,1021.1,9677
2020-01-03,3.1,5.9,4.8,1.0,24.4,245.0,1009.8,9678
2020-01-04,3.3,4.9,4.3,1.2,30.5,295.0,1013.4,9679
2020-01-05,1.3,5.4,3.4,0.0,16.3,250.0,1027.4,9680
2020-01-06,5.1,6.4,5.6,0.0,18.1,232.0,1021.6,9681
2020-01-07,3.1,5.7,4.6,0.0,17.3,212.0,1018.2,9682
2020-01-08,5.5,7.8,6.3,1.8,22.4,234.0,1014.1,9683
2020-01-09,4.2,6.6,5.1,8.6,14.7,190.0,1012.2,9684
2020-01-10,3.9,6.4,5.6,6.2,11.9,275.0,1009.9,9685
2020-01-11,2.8,5.4,4.2,0.1,18.9,233.0,1022.1,9686
2020-01-12,4.6,5.8,5.2,9.8,22.1,231.0,1011.3,9687
2020-01-13,4.4,5.4,4.8,0.4,16.1,229.0,1013.8,9688
2020-01-14,4.5,6.8,5.6,7.9,25.5,187.0,1002.8,9689
2020-01-15,7.1,9.3,8.4,3.5,27.0,217.0,1003.7,9690
2020-01-16,5.1,7.3,6.3,0.0,20.6,228.0,1020.7,9691
2020-01-17,4.9,6.8,5.7,0.0,19.2,168.0,1016.7,9692
2020-01-18,5.0,6.2,5.5,0.2,23.2,232.0,1013.7,9693
2020-01-19,3.1,5.5,4.3,0.0,16.1,278.0,1029.9,9694
2020-01-20,2.9,6.3,5.0,0.0,20.8,255.0,1039.4,9695
2020-01-21,6.0,7.4,6.7,0.0,28.3,269.0,1031.9,9696
2020-01-22,3.4,6.8,5.4,0.0,21.6,300.0,1028.5,9697
2020-01-23,3.3,6.5,5.2,0.0,19.2,253.0,1027.7,9698
2020-01-24,5.9,6.7,6.3,0.0,22.0,257.0,1017.1,9699
2020-01-25,5.1,6.2,5.7,0.0,17.8,258.0,1016.4,9700
2020-01-26,3.2,5.3,4.1,0.0,18.0,220.0,1015.0,9701
2020-01-27,3.1,5.2,4.3,1.4,18.7,185.0,1005.5,9702
2020-01-28,3.8,5.2,4.4,5.6,15.4,170.0,989.5,9703
2020-01-29,2.7,4.7,3.9,0.2,20.6,250.0,992.8,9704
2020-01-30,3.3,6.1,4.9,8.2,19.8,236.0,996.9,9705
2020-01-31,5.4,7.7,6.8,8.7,24.3,251.0,994.4,9706
2020-02-01,6.9,8.6,7.6,0.6,24.2,234.0,993.0,9707
2020-02-02,4.3,7.1,5.8,0.0,29.4,273.0,997.7,9708
2020-02-03,3.1,4.8,4.2,2.2,14.8,237.0,1001.6,9709
2020-02-04,2.8,4.8,4.0,0.9,25.5,296.0,1002.8,9710
2020-02-05,0.7,5.3,3.4,0.1,22.1,297.0,1025.8,9711
2020-02-06,5.1,7.6,6.2,0.0,24.7,290.0,1022.8,9712
2020-02-07,2.8,5.2,4.0,0.0,10.0,179.0,1028.1,9713
2020-02-08,3.2,5.3,4.2,0.0,18.4,178.0,1019.9,9714
2020-02-09,4.2,7.8,6.2,11.6,30.6,196.0,997.9,9715
2020-02-10,4.3,7.5,6.1,3.2,34.0,247.0,976.8,9716
2020-02-11,3.3,5.1,4.3,1.1,32.2,250.0,982.8,9717
2020-02-12,3.4,5.2,4.2,0.0,33.7,253.0,992.9,9718
2020-02-13,3.2,5.1,4.0,0.0,20.6,223.0,1005.1,9719
2020-02-14,2.5,5.2,3.5,0.1,9.1,125.0,1014.7,9720
2020-02-15,3.4,6.6,5.1,4.4,22.1,194.0,1013.8,9721
2020-02-16,6.1,9.5,7.9,12.2,30.5,206.0,995.5,9722
2020-02-17,5.8,7.7,6.7,0.1,33.7,235.0,999.4,9723
2020-02-18,4.9,6.5,5.8,0.7,28.0,241.0,1006.4,9724
2020-02-19,4.3,5.7,4.8,3.1,20.2,253.0,1006.4,9725
2020-02-20,3.1,5.7,4.6,6.7,21.8,201.0,1008.9,9726
2020-02-21,4.2,7.3,5.8,3.9,27.8,251.0,1008.7,9727
2020-02-22,5.0,7.5,6.2,5.1,36.6,241.0,1002.0,9728
2020-02-23,4.4,6.5,5.0,0.3,30.4,263.0,1001.0,9729
2020-02-24,3.6,6.1,4.6,1.1,22.2,255.0,1007.8,9730
2020-02-25,3.2,6.1,4.6,9.8,30.2,215.0,985.6,9731
2020-02-26,1.0,3.7,2.4,4.9,17.9,326.0,989.7,9732
2020-02-27,-0.3,3.0,1.2,0.0,7.5,228.0,998.4,9733
2020-02-28,0.6,5.1,2.9,0.1,16.8,250.0,1004.7,9734
2020-02-29,2.6,5.3,3.8,8.3,22.2,155.0,992.8,9735
2020-03-01,3.8,6.4,5.0,0.1,23.7,215.0,988.7,9736
2020-03-02,3.3,6.7,4.6,0.0,11.7,164.0,993.1,9737
2020-03-03,2.8,4.7,3.8,0.5,11.4,88.0,999.1,9738
2020-03-04,3.3,6.0,4.5,0.9,17.0,266.0,1004.8,9739
2020-03-05,1.9,5.4,3.7,0.3,11.1,205.0,1003.6,9740
2020-03-06,2.0,6.0,4.1,1.0,19.8,72.0,999.7,9741
2020-03-07,2.7,5.8,4.0,1.3,12.7,337.0,1010.1,9742
2020-03-08,2.8,7.4,5.5,0.9,18.5,186.0,1009.7,9743
2020-03-09,4.9,7.3,5.9,3.4,11.4,204.0,1007.1,9744
2020-03-10,4.3,6.4,5.3,7.6,19.0,201.0,998.4,9745
2020-03-11,5.5,8.8,6.7,0.4,28.0,262.0,999.4,9746
2020-03-12,4.4,6.7,5.8,1.5,33.5,242.0,994.4,9747
2020-03-13,2.6,6.0,4.5,1.6,24.3,272.0,1003.1,9748
2020-03-14,0.4,5.4,2.4,0.0,12.5,203.0,1022.2,9749
2020-03-15,1.7,7.2,4.6,0.1,22.7,177.0,1014.1,9750
2020-03-16,5.2,9.4,6.9,1.0,15.7,243.0,1015.0,9751
2020-03-17,4.1,7.7,6.0,0.0,17.7,237.0,1022.7,9752
2020-03-18,6.4,8.7,7.1,0.4,20.4,243.0,1018.9,9753
2020-03-19,4.8,8.2,6.1,0.0,14.4,275.0,1023.9,9754
2020-03-20,2.1,7.5,4.7,0.0,16.9,314.0,1027.5,9755
2020-03-21,0.3,6.2,2.6,0.0,11.5,14.0,1035.6,9756
2020-03-22,-1.3,4.2,0.8,0.0,12.8,106.0,1040.3,9757
2020-03-23,-1.0,4.1,0.9,0.0,14.7,157.0,1040.3,9758
2020-03-24,0.0,6.0,2.3,0.0,15.7,174.0,1036.5,9759
2020-03-25,1.1,6.9,3.1,0.0,15.2,169.0,1033.7,9760
2020-03-26,0.8,8.3,3.7,0.0,12.5,125.0,1031.8,9761
2020-03-27,0.5,9.8,4.8,0.0,9.2,60.0,1028.5,9762
2020-03-28,2.2,8.7,5.2,0.1,12.1,327.0,1022.1,9763
2020-03-30,1.0,5.9,3.1,0.0,15.9,334.0,1026.1,9765
2020-03-31,-0.5,5.8,2.8,0.0,15.0,289.0,1028.7,9766
2020-04-01,3.9,7.3,5.4,0.1,27.2,268.0,1013.6,9767
2020-04-02,4.8,8.7,6.2,0.1,32.4,260.0,1002.0,9768
2020-04-03,4.1,7.4,5.4,0.1,35.9,282.0,1004.1,9769
2020-04-04,3.2,7.6,5.1,0.4,16.1,241.0,1021.7,9770
2020-04-05,4.4,12.8,7.4,0.0,15.1,167.0,1029.5,9771
2020-04-06,5.6,13.0,8.5,0.0,20.9,131.0,1023.9,9772
2020-04-07,6.7,13.2,9.3,0.0,14.3,281.0,1028.1,9773
2020-04-08,5.3,13.5,8.9,0.0,10.6,172.0,1027.8,9774
2020-04-09,5.9,10.4,8.3,0.0,19.6,300.0,1022.1,9775
2020-04-10,4.5,9.0,6.6,0.0,11.6,292.0,1026.1,9776
2020-04-11,3.4,10.2,6.6,0.8,9.1,239.0,1025.8,9777
2020-04-12,7.0,13.9,10.0,1.6,18.6,234.0,1012.8,9778
2020-04-13,4.8,8.6,6.7,0.1,31.6,312.0,1012.0,9779
2020-04-14,3.7,8.3,6.0,0.0,23.0,305.0,1018.5,9780
2020-04-15,6.4,11.5,8.7,0.0,30.5,278.0,1015.6,9781
2020-04-16,7.1,11.4,9.0,0.0,25.9,299.0,1014.0,9782
2020-04-17,4.8,11.9,8.1,0.0,11.0,342.0,1019.4,9783
2020-04-18,3.0,11.8,7.2,0.0,9.3,3.0,1021.8,9784
2020-04-19,3.7,11.4,7.6,0.0,8.7,13.0,1026.5,9785
2020-04-20,4.5,14.4,9.0,0.0,7.0,358.0,1029.6,9786
2020-04-21,5.2,15.0,9.8,0.0,8.4,90.0,1031.8,9787
2020-04-22,5.5,15.3,10.3,0.0,6.9,68.0,1031.0,9788
2020-04-23,6.9,17.0,11.8,0.0,8.6,237.0,1023.8,9789
2020-04-24,9.1,13.7,11.2,0.3,14.1,291.0,1008.5,9790
2020-04-25,7.5,12.8,10.0,0.0,13.5,333.0,1010.3,9791
2020-04-26,6.5,12.4,9.6,0.0,10.4,256.0,1010.4,9792
2020-04-27,6.9,12.0,9.5,0.8,10.7,201.0,1008.0,9793
2020-04-28,7.2,11.8,9.6,0.6,12.3,324.0,1005.5,9794
2020-04-29,5.5,9.2,7.2,2.4,21.2,91.0,1007.5,9795
2020-04-30,5.7,8.9,7.3,5.6,26.8,119.0,1003.7,9796
2020-05-01,6.5,11.6,9.0,0.0,8.6,160.0,999.9,9797
2020-05-02,7.7,11.6,9.5,1.4,12.9,229.0,1002.0,9798
2020-05-03,7.7,12.8,10.2,0.0,18.9,284.0,1011.2,9799
2020-05-04,7.6,11.1,9.1,0.1,19.4,295.0,1016.1,9800
2020-05-05,6.4,10.7,8.6,0.0,20.5,336.0,1019.2,9801
2020-05-06,7.0,11.4,9.3,0.0,21.7,301.0,1020.6,9802
2020-05-07,8.3,14.2,11.0,0.0,17.4,288.0,1019.3,9803
2020-05-08,8.4,14.6,11.3,0.0,17.0,268.0,1016.4,9804
2020-05-09,9.7,15.6,12.2,0.0,10.7,253.0,1015.4,9805
2020-05-10,10.0,16.9,13.1,0.0,13.3,213.0,1008.1,9806
2020-05-11,5.7,10.8,8.7,0.0,24.1,339.0,1009.8,9807
2020-05-12,5.4,9.1,7.1,1.4,22.1,280.0,1010.4,9808
2020-05-13,4.8,10.2,7.4,0.0,15.8,314.0,1012.2,9809
2020-05-14,4.5,10.4,7.8,0.0,19.4,292.0,1016.2,9810
2020-05-15,7.0,11.6,9.4,0.0,25.0,271.0,1014.4,9811
2020-05-16,8.3,11.4,9.9,0.5,30.8,274.0,1013.8,9812
2020-05-17,7.9,12.4,10.2,1.8,29.9,274.0,1014.8,9813
2020-05-18,9.2,11.3,10.4,3.8,17.4,268.0,1016.1,9814
2020-05-19,9.8,14.0,11.6,2.4,20.5,292.0,1016.5,9815
2020-05-20,8.3,14.9,11.3,0.0,9.0,291.0,1023.0,9816
2020-05-21,7.0,15.7,11.9,0.0,10.3,139.0,1025.0,9817
2020-05-22,10.5,16.6,13.1,2.8,23.0,128.0,1021.4,9818
2020-05-23,11.4,15.9,13.5,2.4,17.7,210.0,1015.9,9819
2020-05-24,10.8,13.0,11.7,3.9,20.5,247.0,1017.4,9820
2020-05-25,10.3,15.4,12.5,1.2,17.5,318.0,1025.5,9821
2020-05-26,9.3,17.3,13.8,0.0,6.9,262.0,1034.6,9822
2020-05-27,11.4,15.5,13.4,0.0,14.3,281.0,1031.8,9823
2020-05-28,10.0,17.0,13.5,0.0,14.7,322.0,1031.2,9824
2020-05-29,8.4,16.9,13.2,0.0,8.7,320.0,1030.5,9825
2020-05-30,9.3,18.0,14.3,0.0,7.2,345.0,1028.4,9826
2020-05-31,10.5,19.8,15.1,0.0,10.0,37.0,1027.9,9827
2020-06-01,9.7,21.2,16.2,0.0,8.6,356.0,1027.8,9828
2020-06-02,12.8,22.3,17.6,0.0,12.9,324.0,1019.2,9829
2020-06-03,12.3,17.9,15.2,0.0,13.0,117.0,1009.4,9830
2020-06-04,10.9,17.9,14.3,2.6,26.4,104.0,999.0,9831
2020-06-05,11.8,15.0,13.4,15.0,16.7,182.0,991.6,9832
2020-06-06,10.4,13.6,12.0,5.9,21.1,213.0,995.0,9833
2020-06-07,10.3,16.6,13.8,1.8,13.9,173.0,1005.3,9834
2020-06-08,10.6,17.0,14.1,0.0,8.6,262.0,1012.1,9835
2020-06-09,10.1,17.0,14.1,0.0,7.0,323.0,1018.2,9836
2020-06-10,10.2,18.5,15.0,0.0,10.3,355.0,1018.3,9837
2020-06-11,13.2,19.5,16.4,1.2,14.4,54.0,1016.2,9838
2020-06-12,14.3,18.8,16.7,0.6,16.8,79.0,1015.7,9839
2020-06-13,15.6,22.1,18.2,0.0,20.5,82.0,1017.2,9840
2020-06-14,13.5,22.1,17.5,0.0,19.0,89.0,1018.7,9841
2020-06-15,10.9,21.7,17.3,0.0,8.6,353.0,1017.5,9842
2020-06-16,14.5,23.0,19.0,0.0,14.1,310.0,1014.0,9843
2020-06-17,15.1,22.3,19.0,0.0,6.6,132.0,1013.5,9844
2020-06-18,14.1,22.4,18.7,0.0,7.7,118.0,1013.4,9845
2020-06-19,16.5,20.5,18.3,4.7,8.1,69.0,1012.1,9846
2020-06-20,16.5,18.6,17.7,15.1,12.4,322.0,1014.9,9847
2020-06-21,16.6,18.6,17.5,0.7,16.4,312.0,1017.9,9848
2020-06-22,15.2,19.9,17.6,0.0,15.4,298.0,1019.8,9849
2020-06-23,14.4,20.9,17.6,0.0,16.4,309.0,1024.5,9850
2020-06-24,13.8,24.1,19.4,0.0,7.1,317.0,1027.1,9851
2020-06-25,14.8,26.1,21.2,0.0,9.0,78.0,1026.0,9852
2020-06-26,17.8,24.9,21.5,0.0,15.5,106.0,1019.3,9853
2020-06-27,17.6,24.5,21.2,0.0,13.2,110.0,1011.2,9854
2020-06-28,17.4,22.2,19.8,0.7,12.1,214.0,1009.8,9855
2020-06-29,15.3,22.0,18.6,0.0,14.8,219.0,1009.6,9856
2020-06-30,15.5,17.4,16.3,6.9,24.5,229.0,1001.5,9857
2020-07-01,14.9,19.2,17.0,0.0,22.8,247.0,1001.9,9858
2020-07-02,15.0,19.0,16.9,0.0,16.2,273.0,1005.9,9859
2020-07-03,13.4,17.0,15.4,1.9,15.1,266.0,1011.9,9860
2020-07-04,15.4,16.6,15.9,23.0,22.7,225.0,1007.5,9861
2020-07-05,15.5,18.6,17.3,10.4,25.0,231.0,1002.2,9862
2020-07-06,14.0,17.2,15.3,1.9,31.1,252.0,1002.4,9863
2020-07-07,12.4,15.7,14.0,2.4,28.8,268.0,1011.6,9864
2020-07-08,11.3,15.9,13.7,0.0,23.1,275.0,1011.2,9865
2020-07-09,11.8,16.9,14.3,0.0,13.0,254.0,1013.0,9866
2020-07-10,10.7,15.6,13.6,3.5,8.6,279.0,1009.5,9867
2020-07-11,11.7,16.9,14.4,0.0,25.5,279.0,1016.9,9868
2020-07-12,12.1,16.9,14.6,0.0,23.5,283.0,1023.2,9869
2020-07-13,13.0,17.6,15.2,0.0,16.4,267.0,1022.1,9870
2020-07-14,12.7,18.4,16.0,3.0,10.4,186.0,1014.7,9871
2020-07-15,14.1,17.4,15.8,7.1,8.9,264.0,1011.7,9872
2020-07-16,13.0,18.2,15.6,0.0,14.4,321.0,1015.0,9873
2020-07-17,14.2,20.5,17.3,0.0,12.0,319.0,1019.0,9874
2020-07-18,13.4,22.6,18.3,0.0,7.7,159.0,1020.3,9875
2020-07-19,16.0,23.5,19.7,0.0,12.5,143.0,1016.2,9876
2020-07-20,15.6,18.9,17.1,0.0,16.8,295.0,1015.1,9877
2020-07-21,13.4,18.0,15.6,0.0,25.2,284.0,1018.5,9878
2020-07-22,12.7,18.3,15.4,0.0,23.7,291.0,1019.6,9879
2020-07-23,12.9,18.8,15.8,2.4,17.1,269.0,1015.7,9880
2020-07-24,14.9,18.5,16.5,9.8,19.4,234.0,1006.4,9881
2020-07-25,14.2,20.1,17.0,0.0,13.1,228.0,1010.2,9882
2020-07-26,16.6,19.3,17.9,7.6,15.5,172.0,1008.1,9883
2020-07-27,15.2,20.8,17.7,1.0,13.6,190.0,1015.1,9884
2020-07-28,16.1,20.8,18.5,2.0,20.2,195.0,1006.6,9885
2020-07-29,14.5,17.2,15.8,0.0,26.0,245.0,1010.7,9886
2020-07-30,13.5,18.1,15.6,0.0,27.6,276.0,1015.9,9887
2020-07-31,13.7,20.6,16.8,0.0,16.9,305.0,1018.2,9888
2020-08-01,13.3,22.4,18.0,0.0,12.6,105.0,1017.5,9889
2020-08-02,16.8,21.1,18.6,4.0,12.6,228.0,1011.6,9890
2020-08-03,14.8,19.7,17.1,0.0,13.7,292.0,1011.6,9891
2020-08-04,13.3,19.1,16.4,0.0,13.4,288.0,1013.8,9892
2020-08-05,13.9,21.5,17.7,0.0,12.7,206.0,1015.9,9893
2020-08-06,16.1,25.9,21.0,0.0,12.2,152.0,1021.2,9894
2020-08-07,17.4,26.8,21.9,0.0,13.9,121.0,1024.4,9895
2020-08-08,16.9,27.7,22.1,0.0,7.3,34.0,1022.2,9896
2020-08-09,16.6,27.5,22.5,0.0,9.3,341.0,1020.8,9897
2020-08-10,17.9,26.6,22.4,0.0,10.6,68.0,1021.0,9898
2020-08-11,18.0,24.8,20.9,0.0,16.7,106.0,1023.7,9899
2020-08-12,16.3,23.8,19.8,0.0,14.8,111.0,1023.3,9900
2020-08-13,15.3,24.7,19.8,0.0,10.3,112.0,1018.7,9901
2020-08-14,14.9,25.8,20.4,0.0,6.1,104.0,1015.1,9902
2020-08-15,16.0,27.4,21.7,0.0,6.2,101.0,1016.0,9903
2020-08-16,16.8,28.0,22.6,0.0,9.1,115.0,1016.1,9904
2020-08-17,18.1,27.6,22.8,0.0,13.0,111.0,1012.7,9905
2020-08-18,18.6,25.1,21.9,2.3,10.5,147.0,1009.3,9906
2020-08-19,17.9,22.3,20.1,0.0,7.2,247.0,1010.0,9907
2020-08-20,17.6,22.4,19.6,4.2,12.9,131.0,1010.2,9908
2020-08-21,17.8,22.1,20.0,2.3,12.3,140.0,1010.7,9909
2020-08-22,18.3,22.8,20.5,0.0,16.4,220.0,1009.7,9910
2020-08-23,16.8,19.9,18.2,1.1,22.1,243.0,1008.1,9911
2020-08-24,14.4,17.7,16.2,0.0,16.4,274.0,1010.0,9912
2020-08-25,13.1,18.3,15.6,1.4,14.4,264.0,1009.9,9913
2020-08-26,15.3,17.9,16.4,11.1,14.9,141.0,997.8,9914
2020-08-27,13.4,15.8,14.9,15.2,9.8,350.0,1008.2,9915
2020-08-28,12.4,16.4,14.1,5.9,12.3,105.0,1006.0,9916
2020-08-29,13.5,17.9,15.5,4.8,9.6,195.0,1002.3,9917
2020-08-30,13.8,19.1,16.2,0.0,9.0,301.0,1009.3,9918
2020-08-31,12.8,18.4,15.2,0.0,12.6,350.0,1015.9,9919
2020-09-01,9.9,18.5,14.6,0.0,8.0,34.0,1021.0,9920
2020-09-02,11.8,17.9,15.0,0.0,9.0,31.0,1019.2,9921
2020-09-03,13.8,19.2,16.0,0.0,12.0,270.0,1015.4,9922
2020-09-04,15.1,19.1,16.8,1.2,20.4,246.0,1014.2,9923
2020-09-05,14.2,17.6,15.5,0.0,20.6,249.0,1011.9,9924
2020-09-06,12.2,15.9,14.1,0.9,20.3,264.0,1013.6,9925
2020-09-07,11.9,16.8,14.2,0.0,21.3,263.0,1018.6,9926
2020-09-08,14.1,18.4,16.2,2.6,22.4,252.0,1017.0,9927
2020-09-09,14.1,18.4,16.3,3.4,23.1,252.0,1014.5,9928
2020-09-10,12.2,16.5,14.1,0.0,25.2,286.0,1016.8,9929
2020-09-11,11.9,17.1,14.4,0.0,13.6,231.0,1016.5,9930
2020-09-12,14.1,16.9,15.1,0.9,20.4,231.0,1013.6,9931
2020-09-13,13.4,18.1,15.6,0.0,22.3,242.0,1019.2,9932
2020-09-14,15.3,21.8,17.8,0.0,14.4,230.0,1024.6,9933
2020-09-15,14.5,22.8,18.2,0.0,7.5,133.0,1022.0,9934
2020-09-16,13.3,18.6,16.5,0.0,14.2,304.0,1017.9,9935
2020-09-17,9.8,15.7,12.4,0.0,15.0,353.0,1029.7,9936
2020-09-18,9.8,17.0,13.2,0.0,10.7,283.0,1029.8,9937
2020-09-19,11.3,17.7,14.0,0.0,6.5,330.0,1025.3,9938
2020-09-20,11.5,17.6,14.0,0.0,3.9,49.0,1022.4,9939
2020-09-21,11.0,17.2,13.7,0.0,5.9,184.0,1018.8,9940
2020-09-22,11.6,20.0,15.2,0.0,7.6,171.0,1011.0,9941
2020-09-23,13.2,20.5,16.4,0.0,8.4,174.0,1003.8,9942
2020-09-24,12.9,18.3,16.0,0.8,16.1,186.0,1000.5,9943
2020-09-25,13.2,14.5,13.8,34.5,15.6,108.0,996.9,9944
2020-09-26,12.1,16.6,14.4,2.1,13.1,242.0,996.7,9945
2020-09-27,14.8,20.0,16.9,1.1,17.1,57.0,1003.9,9946
2020-09-28,12.5,16.3,14.7,0.0,13.3,97.0,1010.5,9947
2020-09-29,11.6,17.6,14.1,0.0,10.7,133.0,1016.1,9948
2020-09-30,12.7,17.5,14.6,0.0,13.3,123.0,1016.8,9949
2020-10-01,12.5,16.1,14.1,0.0,19.5,96.0,1010.1,9950
2020-10-02,13.9,16.7,14.9,0.2,28.2,99.0,1005.7,9951
2020-10-03,13.3,17.2,15.2,0.0,32.6,90.0,1001.2,9952
2020-10-04,12.6,15.9,14.9,5.2,16.2,140.0,995.4,9953
2020-10-05,10.8,17.0,13.7,1.2,15.1,121.0,1004.0,9954
2020-10-06,11.7,14.8,13.1,6.8,14.8,189.0,998.2,9955
2020-10-07,11.6,14.5,12.7,7.0,14.8,206.0,1001.8,9956
2020-10-08,11.7,13.4,12.3,7.6,18.4,212.0,1008.5,9957
2020-10-09,10.6,14.1,12.1,0.6,19.7,251.0,1012.1,9958
2020-10-10,8.9,12.1,10.7,6.0,15.6,228.0,1011.6,9959
2020-10-11,7.9,12.0,9.6,0.0,12.8,195.0,1013.3,9960
2020-10-12,7.1,12.3,9.2,0.0,5.9,262.0,1015.2,9961
2020-10-13,7.9,12.9,9.7,0.0,6.8,98.0,1017.4,9962
2020-10-14,6.2,10.5,8.1,0.0,19.5,30.0,1020.0,9963
2020-10-15,5.7,9.6,7.5,0.0,15.4,29.0,1021.9,9964
2020-10-16,5.4,11.6,8.3,0.0,9.0,22.0,1023.3,9965
2020-10-17,5.7,10.9,8.4,0.0,10.1,352.0,1019.8,9966
2020-10-18,7.0,10.4,9.1,0.0,21.5,303.0,1012.3,9967
2020-10-19,6.8,10.5,8.4,0.0,16.7,265.0,1017.9,9968
2020-10-20,8.7,11.2,9.8,0.4,18.1,169.0,1013.5,9969
2020-10-21,10.1,13.3,11.6,7.3,16.2,183.0,1004.3,9970
2020-10-22,12.6,14.6,13.6,0.8,28.2,228.0,1002.5,9971
2020-10-23,10.6,13.0,11.9,0.0,20.8,240.0,1007.1,9972
2020-10-24,10.6,12.9,11.5,2.2,16.5,219.0,1006.9,9973
2020-10-25,10.9,13.7,12.3,9.7,20.8,179.0,1002.9,9974
2020-10-26,9.8,12.2,11.0,5.4,12.4,180.0,1000.9,9975
2020-10-27,8.4,11.2,9.6,0.0,19.8,196.0,1002.5,9976
2020-10-28,9.4,12.2,10.5,1.5,22.1,196.0,1002.8,9977
2020-10-29,8.8,10.3,9.6,6.2,15.7,245.0,1006.1,9978
2020-10-30,8.7,10.8,9.6,7.2,14.5,153.0,1012.6,9979
2020-10-31,10.8,12.8,11.8,0.0,10.1,160.0,1018.0,9980
2020-11-01,10.8,12.7,11.9,0.5,20.7,174.0,1008.9,9981
2020-11-02,12.3,15.6,14.3,3.9,27.2,205.0,1000.9,9982
2020-11-03,8.6,12.6,10.9,0.0,23.4,231.0,1014.4,9983
2020-11-04,8.2,10.7,9.4,0.0,27.1,245.0,1022.0,9984
2020-11-05,8.7,12.3,10.3,0.0,29.9,265.0,1028.2,9985
2020-11-06,10.6,12.7,11.5,0.0,20.0,281.0,1029.8,9986
2020-11-07,7.6,10.9,9.6,0.0,9.0,225.0,1026.6,9987
2020-11-08,6.5,10.5,8.0,0.0,6.2,268.0,1026.2,9988
2020-11-09,7.7,9.6,8.5,0.0,14.8,114.0,1028.9,9989
2020-11-10,7.0,8.5,7.9,0.0,18.0,121.0,1030.1,9990
2020-11-11,6.0,7.0,6.5,0.0,12.5,139.0,1027.1,9991
2020-11-12,6.0,8.1,7.0,3.5,16.4,135.0,1019.7,9992
2020-11-13,7.1,9.4,8.2,0.5,9.6,184.0,1016.4,9993
2020-11-14,8.0,10.0,8.9,0.0,11.4,195.0,1015.0,9994
2020-11-15,9.1,11.5,10.4,0.0,20.3,156.0,1008.4,9995
2020-11-16,9.4,10.9,10.2,1.9,21.3,198.0,1005.6,9996
2020-11-17,9.0,11.7,10.2,2.2,21.2,225.0,1014.9,9997
2020-11-18,10.4,11.9,11.3,0.0,24.5,222.0,1015.7,9998
2020-11-19,5.2,11.3,8.5,0.0,35.1,257.0,1006.5,9999
2020-11-20,4.5,6.6,5.4,0.0,22.6,280.0,1024.7,10000
2020-11-21,5.3,9.1,6.9,4.4,27.4,219.0,1019.6,10001
2020-11-22,7.6,8.7,8.2,0.9,28.8,260.0,1013.5,10002
2020-11-23,6.7,8.4,7.6,0.0,29.0,271.0,1017.6,10003
2020-11-24,6.8,8.8,8.0,2.8,22.4,231.0,1018.3,10004
2020-11-25,5.5,8.1,6.8,0.0,16.0,205.0,1016.4,10005
2020-11-26,5.8,8.2,7.1,0.2,17.7,258.0,1015.6,10006
2020-11-27,2.1,6.4,4.9,0.0,8.6,328.0,1021.9,10007
2020-11-28,-0.1,2.2,1.3,0.0,7.4,60.0,1027.4,10008
2020-11-29,0.0,1.4,0.8,0.0,7.5,19.0,1028.6,10009
2020-11-30,0.2,3.1,1.8,0.6,11.0,235.0,1020.6,10010
2020-12-01,2.8,4.2,3.4,2.6,13.6,113.0,1017.3,10011
2020-12-02,3.3,4.5,3.8,0.0,14.0,116.0,1020.1,10012
2020-12-03,1.3,3.3,2.0,0.0,23.6,154.0,1004.8,10013
2020-12-04,2.1,4.4,3.2,0.0,24.6,130.0,996.9,10014
2020-12-05,3.7,5.6,4.6,0.0,17.6,124.0,1001.0,10015
2020-12-06,3.6,7.5,5.2,1.0,15.9,84.0,1005.5,10016
2020-12-07,6.2,7.1,6.7,0.0,31.6,114.0,1003.1,10017
2020-12-08,4.7,6.3,5.3,0.9,15.1,112.0,1009.2,10018
2020-12-09,3.7,4.7,4.2,2.5,20.7,109.0,1013.1,10019
2020-12-10,1.8,3.6,2.8,0.9,20.1,109.0,1011.8,10020
2020-12-11,1.4,2.8,2.1,0.0,20.4,114.0,1005.3,10021
2020-12-12,2.6,4.3,3.6,0.2,20.8,107.0,1004.6,10022
2020-12-13,2.6,4.3,3.5,0.0,7.1,84.0,1011.2,10023
2020-12-14,2.8,6.1,4.5,1.3,20.8,143.0,1010.7,10024
2020-12-15,5.2,6.5,6.0,10.1,14.3,172.0,1009.7,10025
2020-12-16,5.2,6.3,5.7,0.9,12.3,220.0,1017.5,10026
2020-12-17,5.2,6.7,6.1,6.1,20.4,177.0,1015.5,10027
2020-12-18,5.9,6.8,6.5,0.0,17.7,212.0,1018.8,10028
2020-12-19,4.4,6.2,5.3,0.0,18.1,167.0,1016.9,10029
2020-12-20,5.5,6.7,6.2,1.3,15.0,176.0,1017.1,10030
2020-12-21,5.6,6.5,6.0,0.0,16.1,194.0,1016.4,10031
2020-12-22,5.2,7.1,6.2,7.6,23.1,210.0,1004.9,10032
2020-12-23,3.4,5.5,4.7,0.0,13.8,238.0,1010.6,10033
2020-12-24,1.5,3.5,2.8,0.2,12.4,18.0,1007.1,10034
2020-12-25,0.4,2.7,1.5,0.0,17.2,337.0,1017.2,10035
2020-12-26,1.0,4.3,2.6,2.6,18.9,231.0,1012.3,10036
2020-12-27,2.9,4.5,3.7,8.0,36.3,174.0,989.8,10037
2020-12-28,2.9,3.7,3.3,1.1,24.8,132.0,984.1,10038
2020-12-29,2.8,3.8,3.3,3.8,12.5,128.0,986.0,10039
2020-12-30,2.5,3.8,3.1,5.9,18.5,191.0,994.4,10040
2020-12-31,2.5,4.0,3.4,3.9,19.6,202.0,1000.8,10041
2021-01-01,1.2,2.9,2.2,0.5,9.3,159.0,1005.7,10042
2021-01-02,-0.7,1.8,0.4,0.0,5.8,34.0,1014.1,10043
2021-01-03,-0.6,1.8,0.5,0.0,15.5,53.0,1023.5,10044
2021-01-04,-2.3,0.0,-0.9,0.0,16.4,42.0,1025.2,10045
2021-01-05,-1.1,0.8,-0.1,0.0,16.8,43.0,1024.2,10046
2021-01-06,-1.2,0.6,-0.1,8.5,18.1,29.0,1015.8,10047
2021-01-07,-0.8,0.7,0.1,3.6,12.7,36.0,1010.3,10048
2021-01-08,-0.9,0.7,0.0,1.4,10.2,13.0,1012.4,10049
2021-01-09,-1.4,0.5,-0.4,0.0,7.8,358.0,1020.7,10050
2021-01-10,-0.8,1.9,0.8,0.7,16.2,228.0,1018.5,10051
2021-01-11,0.6,4.4,3.0,8.2,24.1,217.0,1006.9,10052
2021-01-12,0.8,4.4,2.1,4.0,20.9,264.0,997.0,10053
2021-01-13,-0.4,1.7,0.9,6.4,20.9,294.0,999.5,10054
2021-01-14,-2.8,0.0,-1.0,0.0,16.5,14.0,1018.7,10055
2021-01-15,-5.4,-3.0,-4.0,0.0,12.7,10.0,1025.9,10056
2021-01-16,-5.5,-0.3,-2.9,0.0,9.5,341.0,1023.0,10057
2021-01-17,-3.0,-0.5,-2.0,0.0,5.2,149.0,1019.7,10058
2021-01-18,-2.2,1.4,-0.5,0.8,14.2,191.0,1014.7,10059
2021-01-19,1.0,1.9,1.4,2.9,13.5,182.0,1003.3,10060
2021-01-20,1.4,5.9,4.4,14.8,19.5,190.0,994.7,10061
2021-01-21,5.0,6.7,5.6,0.7,26.9,188.0,988.9,10062
2021-01-22,3.6,5.1,4.5,4.0,25.6,205.0,984.8,10063
2021-01-23,1.3,4.2,2.8,0.0,13.1,197.0,994.7,10064
2021-01-24,0.7,2.8,1.6,0.0,7.0,191.0,996.2,10065
2021-01-25,0.1,1.6,1.0,0.6,11.1,267.0,999.7,10066
2021-01-26,0.1,1.7,0.8,0.0,16.0,306.0,1008.9,10067
2021-01-27,0.0,1.9,1.1,1.5,14.0,238.0,1008.8,10068
2021-01-28,-2.3,1.1,-0.3,1.6,19.1,327.0,1003.7,10069
2021-01-29,-4.2,-1.8,-2.9,0.0,11.1,31.0,1001.3,10070
2021-01-30,-5.3,-0.6,-2.6,0.0,12.4,324.0,1002.6,10071
2021-01-31,-1.0,1.5,0.1,0.0,16.4,267.0,1000.8,10072
2021-02-01,-1.2,1.3,-0.3,0.0,11.7,163.0,1001.2,10073
2021-02-02,-3.0,0.1,-1.8,0.0,7.9,23.0,1002.0,10074
2021-02-03,-3.6,-1.4,-2.5,1.2,20.1,67.0,1004.5,10075
2021-02-04,-6.8,-3.1,-4.8,0.0,15.4,51.0,1016.1,10076
2021-02-05,-7.3,-4.4,-5.8,0.0,17.8,72.0,1024.2,10077
2021-02-06,-7.8,-4.6,-6.2,0.0,20.2,67.0,1026.6,10078
2021-02-07,-7.4,-3.5,-5.5,0.0,24.7,67.0,1022.3,10079
2021-02-08,-6.1,-3.1,-4.6,0.0,24.6,59.0,1015.2,10080
2021-02-09,-7.1,-3.6,-5.2,0.1,20.6,39.0,1012.0,10081
2021-02-10,-6.9,-3.6,-5.4,0.9,16.1,31.0,1015.9,10082
2021-02-11,-8.0,-4.6,-6.6,0.0,12.1,22.0,1030.0,10083
2021-02-12,-9.5,-3.2,-6.2,0.0,11.4,358.0,1038.4,10084
2021-02-13,-6.1,-0.2,-3.5,0.0,10.0,333.0,1040.8,10085
2021-02-14,-4.0,0.4,-2.2,0.0,10.5,264.0,1039.7,10086
2021-02-15,-3.4,0.3,-1.4,3.5,18.2,158.0,1029.6,10087
2021-02-16,-1.8,0.1,-0.6,4.2,14.9,137.0,1016.9,10088
2021-02-17,0.3,1.6,1.0,9.8,14.3,118.0,1010.8,10089
2021-02-18,0.6,2.2,1.5,1.3,25.1,124.0,1015.4,10090
2021-02-19,1.7,5.1,3.1,5.0,16.8,218.0,1012.0,10091
2021-02-20,2.9,5.9,4.0,0.0,15.4,163.0,1016.7,10092
2021-02-21,3.4,7.6,4.8,0.0,12.8,158.0,1016.4,10093
2021-02-22,2.8,8.0,5.0,0.0,12.1,143.0,1019.7,10094
2021-02-23,5.4,8.6,6.6,0.0,11.9,217.0,1026.4,10095
2021-02-24,6.6,10.5,8.4,0.0,18.0,216.0,1025.8,10096
2021-02-25,6.3,10.3,8.2,0.0,18.7,232.0,1022.3,10097
2021-02-26,4.5,7.2,5.6,0.0,24.6,279.0,1025.3,10098
2021-02-27,2.8,7.0,4.9,0.0,14.1,290.0,1034.0,10099
2021-02-28,3.2,5.5,4.4,0.0,14.3,283.0,1034.4,10100
2021-03-01,2.8,7.4,4.8,0.0,13.4,271.0,1033.7,10101
2021-03-02,2.0,5.9,4.0,0.0,12.3,269.0,1033.5,10102
2021-03-03,1.2,3.6,2.3,0.0,7.8,236.0,1026.0,10103
2021-03-04,-0.2,3.4,1.7,0.0,14.0,338.0,1018.6,10104
2021-03-05,-0.9,4.1,1.3,0.0,13.2,318.0,1025.7,10105
2021-03-06,0.2,4.4,2.6,0.0,24.2,271.0,1025.1,10106
2021-03-07,0.6,4.4,2.9,0.0,26.3,307.0,1017.3,10107
2021-03-08,-1.7,2.9,0.3,0.0,7.9,340.0,1023.2,10108
2021-03-09,-2.2,3.4,0.1,0.0,7.4,196.0,1021.1,10109
2021-03-10,-2.3,2.8,0.5,0.0,15.3,148.0,1018.0,10110
2021-03-11,0.9,4.7,2.8,19.7,28.6,182.0,991.4,10111
2021-03-12,3.3,5.6,4.4,5.0,25.4,241.0,993.1,10112
2021-03-13,2.6,4.5,3.4,7.1,16.6,186.0,989.2,10113
2021-03-14,2.8,5.8,4.1,1.7,17.4,293.0,995.3,10114
2021-03-15,2.8,4.6,3.7,1.1,15.5,275.0,1002.5,10115
2021-03-16,1.4,5.8,3.3,0.0,12.2,333.0,1016.5,10116
2021-03-17,0.9,5.8,3.0,0.0,10.2,328.0,1023.1,10117
2021-03-18,0.6,5.2,2.7,0.0,12.0,334.0,1022.1,10118
2021-03-19,-0.5,4.1,1.3,0.0,12.4,20.0,1026.7,10119
2021-03-20,-0.8,5.0,2.1,0.0,18.6,255.0,1020.9,10120
2021-03-21,2.9,7.5,5.1,0.0,22.5,318.0,1012.1,10121
2021-03-22,2.0,7.3,4.7,0.0,13.3,285.0,1017.7,10122
2021-03-23,3.9,6.2,5.1,0.0,14.7,262.0,1019.9,10123
2021-03-24,3.9,8.4,5.9,0.0,16.2,232.0,1019.0,10124
2021-03-25,4.2,10.0,6.6,0.0,13.4,226.0,1017.4,10125
2021-03-26,4.8,10.5,7.2,0.0,14.1,185.0,1016.0,10126
2021-03-27,4.4,7.3,5.9,3.4,18.4,218.0,1011.1,10127
2021-03-29,6.3,10.3,8.2,5.9,24.1,236.0,1020.1,10129
2021-03-30,7.8,13.9,10.0,0.0,18.6,246.0,1025.2,10130
2021-03-31,6.4,14.4,9.8,0.0,12.7,244.0,1021.8,10131
2021-04-01,4.4,8.5,7.1,0.0,15.8,332.0,1019.6,10132
2021-04-02,3.4,7.9,5.4,0.0,16.4,300.0,1018.6,10133
2021-04-03,2.4,7.4,4.8,0.0,16.3,341.0,1023.0,10134
2021-04-04,1.9,7.1,4.9,0.0,19.0,249.0,1014.6,10135
2021-04-05,1.3,5.6,3.4,3.7,32.3,282.0,993.2,10136
2021-04-06,2.3,5.9,4.0,0.0,26.6,283.0,996.6,10137
2021-04-07,2.2,7.3,4.6,0.0,20.6,284.0,1002.3,10138
2021-04-08,3.5,6.1,4.6,0.5,22.3,276.0,1012.1,10139
2021-04-09,4.1,7.5,5.5,1.8,26.9,238.0,1006.9,10140
2021-04-10,2.4,7.5,4.5,0.0,16.0,253.0,1014.2,10141
2021-04-11,2.4,5.3,3.6,10.5,17.3,111.0,1012.0,10142
2021-04-12,2.6,6.6,4.4,1.0,21.8,267.0,1017.6,10143
2021-04-13,2.7,6.5,4.3,0.0,18.0,262.0,1022.6,10144
2021-04-14,2.1,7.3,4.5,0.0,11.5,317.0,1027.6,10145
2021-04-15,1.2,8.8,5.3,0.0,10.9,359.0,1030.8,10146
2021-04-16,2.3,9.7,6.2,0.0,13.1,357.0,1028.6,10147
2021-04-17,4.6,12.7,8.2,0.0,10.0,23.0,1025.3,10148
2021-04-18,5.1,13.9,9.2,0.0,8.2,57.0,1024.4,10149
2021-04-19,5.8,15.0,10.0,0.0,7.8,66.0,1023.5,10150
2021-04-20,4.9,14.8,9.8,0.0,8.0,351.0,1018.5,10151
2021-04-21,6.4,10.2,8.2,0.0,21.2,286.0,1011.5,10152
2021-04-22,5.6,9.8,7.7,0.0,29.8,307.0,1013.8,10153
2021-04-23,5.3,10.2,7.5,0.0,19.0,310.0,1021.8,10154
2021-04-24,4.5,9.4,6.7,0.0,17.1,324.0,1024.5,10155
2021-04-25,3.6,8.9,6.1,0.0,19.1,327.0,1024.7,10156
2021-04-26,3.4,8.3,5.6,0.0,13.5,322.0,1021.9,10157
2021-04-27,2.2,10.2,6.3,0.0,7.6,271.0,1017.8,10158
2021-04-28,2.7,10.6,6.9,0.0,11.0,112.0,1012.9,10159
2021-04-29,4.9,12.0,8.0,3.2,15.7,68.0,1006.5,10160
2021-04-30,5.5,11.4,8.1,3.2,10.9,4.0,1011.8,10161
2021-05-01,4.8,11.1,7.7,0.0,11.3,138.0,1015.9,10162
2021-05-02,4.6,11.9,7.9,0.0,13.3,116.0,1013.5,10163
2021-05-03,5.5,9.2,7.1,1.2,11.6,252.0,1012.6,10164
2021-05-04,5.8,7.6,6.8,11.6,21.1,158.0,996.8,10165
2021-05-05,6.4,8.6,7.5,12.6,21.5,226.0,987.7,10166
2021-05-06,5.8,8.1,6.9,5.8,23.4,284.0,998.1,10167
2021-05-07,4.8,8.4,6.6,2.7,15.1,286.0,1006.0,10168
2021-05-08,5.5,10.9,7.9,0.0,16.2,247.0,1013.7,10169
2021-05-09,7.5,16.7,11.6,4.4,20.1,159.0,1007.1,10170
2021-05-10,11.5,19.2,14.9,0.0,15.0,161.0,1005.8,10171
2021-05-11,11.3,14.4,12.7,2.4,14.4,338.0,1009.9,10172
2021-05-12,11.3,14.5,12.7,1.7,11.7,306.0,1006.0,10173
2021-05-13,10.6,13.7,12.3,1.0,13.4,329.0,1005.9,10174
2021-05-14,9.8,16.3,12.6,0.0,7.7,281.0,1003.7,10175
2021-05-15,9.4,12.6,10.9,2.0,12.4,217.0,1004.0,10176
2021-05-16,8.5,13.6,11.1,3.4,12.1,120.0,1002.0,10177
2021-05-17,8.7,14.3,11.6,0.0,10.0,177.0,1002.2,10178
2021-05-18,8.6,14.3,11.7,0.0,9.8,264.0,1008.1,10179
2021-05-19,9.2,13.9,11.5,0.0,13.9,284.0,1012.6,10180
2021-05-20,8.9,12.8,10.7,0.0,18.2,265.0,1014.3,10181
2021-05-21,8.8,13.2,11.2,2.7,13.7,190.0,1004.4,10182
2021-05-22,9.5,14.1,11.7,2.9,17.5,178.0,999.4,10183
2021-05-23,9.7,12.5,11.1,3.5,23.1,233.0,1005.6,10184
2021-05-24,8.5,15.6,12.2,0.0,17.6,154.0,1013.8,10185
2021-05-25,10.0,12.7,11.5,8.2,15.2,145.0,1008.3,10186
2021-05-26,8.9,12.5,10.5,6.8,14.8,184.0,1006.4,10187
2021-05-27,8.6,13.2,11.1,1.9,10.0,54.0,1010.3,10188
2021-05-28,9.1,15.0,12.4,0.0,15.0,322.0,1019.8,10189
2021-05-29,10.3,17.6,13.5,0.0,12.1,300.0,1024.0,10190
2021-05-30,9.5,19.0,14.4,0.0,7.2,168.0,1027.8,10191
2021-05-31,9.8,20.2,15.6,0.0,10.1,276.0,1024.6,10192
2021-06-01,12.4,18.8,15.2,0.0,9.4,300.0,1020.8,10193
2021-06-02,10.1,17.3,14.0,0.0,15.6,100.0,1023.2,10194
2021-06-03,12.7,20.1,16.3,0.0,23.5,108.0,1025.7,10195
2021-06-04,13.4,18.9,15.9,0.0,15.8,107.0,1024.6,10196
2021-06-05,11.7,21.9,17.0,0.0,11.0,107.0,1023.0,10197
2021-06-06,12.4,22.7,17.9,0.0,5.9,97.0,1022.0,10198
2021-06-07,13.2,20.8,17.3,0.0,9.7,338.0,1022.3,10199
2021-06-08,13.3,19.8,16.6,0.0,11.6,305.0,1022.5,10200
2021-06-09,14.3,21.3,17.7,0.0,11.7,279.0,1020.9,10201
2021-06-10,14.2,21.1,17.9,0.0,9.4,265.0,1019.2,10202
2021-06-11,15.2,22.7,19.1,0.0,11.2,251.0,1016.0,10203
2021-06-12,14.1,18.7,16.6,0.0,26.9,286.0,1012.1,10204
2021-06-13,12.5,18.2,15.4,0.0,25.5,302.0,1019.8,10205
2021-06-14,13.9,21.6,17.4,0.0,18.1,246.0,1019.0,10206
2021-06-15,13.5,18.5,16.0,0.0,17.5,294.0,1018.7,10207
2021-06-16,11.3,20.8,16.1,0.0,9.8,179.0,1019.3,10208
2021-06-17,14.3,25.2,19.5,0.0,20.5,117.0,1016.6,10209
2021-06-18,18.8,27.8,22.8,0.0,13.2,139.0,1014.5,10210
2021-06-19,19.4,28.0,23.2,0.0,13.3,178.0,1012.5,10211
2021-06-20,16.7,25.0,21.3,0.0,11.3,153.0,1010.0,10212
2021-06-21,15.3,19.4,16.8,2.2,14.1,322.0,1008.8,10213
2021-06-22,14.4,18.9,16.4,0.0,14.4,287.0,1012.6,10214
2021-06-23,14.4,19.7,17.2,0.0,11.1,296.0,1018.3,10215
2021-06-24,14.4,19.4,17.1,0.0,10.0,309.0,1019.2,10216
2021-06-25,14.5,19.4,16.8,0.0,10.7,291.0,1016.7,10217
2021-06-26,14.2,20.8,17.8,0.0,9.1,289.0,1018.8,10218
2021-06-27,16.3,20.9,18.3,0.0,10.8,270.0,1017.9,10219
2021-06-28,15.1,23.2,19.0,0.0,9.7,258.0,1016.4,10220
2021-06-29,14.4,24.0,19.7,0.0,5.9,94.0,1012.5,10221
2021-06-30,16.9,20.2,18.6,9.9,10.0,31.0,1009.5,10222
2021-07-01,15.9,18.8,17.5,14.3,16.9,7.0,1009.5,10223
2021-07-02,16.5,21.5,18.6,5.6,10.6,316.0,1011.9,10224
2021-07-03,17.2,22.7,19.6,1.7,6.9,314.0,1013.6,10225
2021-07-04,16.7,22.1,19.2,1.3,7.3,158.0,1012.3,10226
2021-07-05,16.8,22.1,19.0,4.3,12.2,132.0,1009.6,10227
2021-07-06,15.9,22.5,19.0,3.8,14.3,160.0,1009.0,10228
2021-07-07,17.2,21.8,19.0,0.0,11.6,201.0,1015.1,10229
2021-07-08,16.8,22.7,19.7,0.0,12.2,143.0,1021.5,10230
2021-07-09,15.4,22.2,19.0,3.1,10.3,13.0,1019.5,10231
2021-07-10,17.3,19.3,18.1,14.6,20.9,297.0,1012.8,10232
2021-07-11,15.5,22.2,18.8,0.0,8.6,229.0,1018.5,10233
2021-07-12,16.2,24.2,20.1,0.0,14.5,91.0,1017.3,10234
2021-07-13,17.8,25.2,21.2,0.0,13.5,94.0,1012.6,10235
2021-07-14,18.1,26.8,22.7,0.0,8.9,81.0,1011.1,10236
2021-07-15,19.5,26.4,23.0,0.0,6.6,347.0,1012.5,10237
2021-07-16,19.7,26.6,23.0,0.0,12.5,328.0,1017.0,10238
2021-07-17,19.0,25.6,22.2,0.0,16.7,315.0,1019.4,10239
2021-07-18,17.5,21.2,19.6,0.0,26.2,299.0,1017.3,10240
2021-07-19,15.9,21.9,19.1,0.0,16.7,299.0,1016.9,10241
2021-07-20,16.0,20.8,18.4,0.0,19.1,289.0,1016.8,10242
2021-07-21,16.2,21.6,18.6,0.0,13.6,280.0,1019.9,10243
2021-07-22,14.6,21.7,18.4,0.0,8.7,253.0,1020.1,10244
2021-07-23,15.2,22.2,18.7,0.0,8.0,276.0,1017.5,10245
2021-07-24,14.8,24.6,20.0,0.0,10.7,81.0,1016.0,10246
2021-07-25,18.2,23.9,21.0,0.0,22.4,97.0,1013.6,10247
2021-07-26,19.7,24.6,22.0,0.0,15.8,99.0,1012.0,10248
2021-07-27,18.8,24.1,21.4,0.0,9.9,170.0,1010.0,10249
2021-07-28,18.1,23.0,20.2,1.8,12.6,204.0,1008.6,10250
2021-07-29,16.5,19.3,17.9,0.7,23.9,225.0,1004.6,10251
2021-07-30,16.5,21.2,18.5,1.3,28.5,248.0,1002.3,10252
2021-07-31,16.7,19.6,18.0,3.7,17.0,228.0,1000.7,10253
2021-08-01,15.4,19.6,17.3,0.0,22.0,255.0,1003.5,10254
2021-08-02,14.7,19.5,16.8,0.0,21.7,284.0,1005.8,10255
2021-08-03,14.7,19.1,16.8,0.0,13.5,272.0,1012.0,10256
2021-08-04,13.8,19.9,16.9,0.0,8.1,293.0,1014.9,10257
2021-08-05,12.0,21.9,17.3,0.0,8.6,97.0,1013.4,10258
2021-08-06,14.2,21.4,17.7,0.0,18.6,100.0,1008.3,10259
2021-08-07,15.2,20.3,17.5,3.5,13.6,130.0,1004.6,10260
2021-08-08,16.3,19.6,17.8,10.1,13.6,190.0,1004.6,10261
2021-08-09,16.2,19.1,17.4,3.3,15.1,216.0,1013.2,10262
2021-08-10,15.2,18.7,16.8,5.4,12.1,207.0,1014.1,10263
2021-08-11,15.1,20.6,17.7,0.0,14.7,273.0,1016.2,10264
2021-08-12,15.3,23.0,18.9,0.0,10.0,216.0,1019.9,10265
2021-08-13,16.9,23.4,19.8,0.0,12.4,215.0,1017.8,10266
2021-08-14,16.2,19.6,17.9,0.0,23.2,248.0,1015.0,10267
2021-08-15,15.1,20.2,17.4,0.7,22.0,251.0,1010.1,10268
2021-08-16,14.1,17.8,16.1,11.8,12.4,230.0,1002.6,10269
2021-08-17,12.0,16.3,14.5,16.9,22.1,282.0,1002.1,10270
2021-08-18,14.1,17.2,15.7,7.7,28.9,272.0,1002.9,10271
2021-08-19,14.1,18.4,16.0,0.6,26.2,274.0,1005.2,10272
2021-08-20,12.9,18.4,15.7,0.0,19.0,269.0,1012.7,10273
2021-08-21,12.9,18.5,15.5,0.0,11.7,275.0,1018.6,10274
2021-08-22,10.7,20.2,15.6,0.0,8.1,103.0,1019.9,10275
2021-08-23,11.1,21.2,16.6,0.0,6.9,16.0,1025.0,10276
2021-08-24,12.8,20.6,16.8,0.0,6.6,228.0,1028.2,10277
2021-08-25,14.9,18.4,16.4,0.0,21.6,284.0,1014.6,10278
2021-08-26,13.4,15.8,14.7,5.4,19.1,345.0,1009.0,10279
2021-08-27,12.6,17.1,14.7,11.5,15.1,31.0,1013.8,10280
2021-08-28,13.4,16.0,14.6,12.9,15.9,11.0,1017.8,10281
2021-08-29,14.0,19.5,16.5,6.7,14.1,20.0,1018.0,10282
2021-08-30,13.7,20.1,16.6,0.0,12.3,15.0,1020.3,10283
2021-08-31,13.1,21.0,16.9,0.0,12.7,349.0,1022.0,10284
2021-09-01,14.6,21.3,17.6,0.0,11.1,328.0,1024.4,10285
2021-09-02,13.9,21.6,17.7,0.0,8.7,288.0,1025.0,10286
2021-09-03,14.3,20.4,16.9,0.0,16.5,300.0,1018.0,10287
2021-09-04,11.8,18.4,14.8,0.0,10.7,77.0,1020.5,10288
2021-09-05,10.1,17.7,14.0,0.0,12.2,113.0,1026.6,10289
2021-09-06,10.9,18.4,14.7,0.0,9.7,128.0,1024.9,10290
2021-09-07,12.9,19.7,16.1,0.0,7.5,258.0,1023.6,10291
2021-09-08,15.5,21.3,17.8,0.0,10.6,219.0,1020.1,10292
2021-09-09,14.8,22.8,18.3,0.0,9.3,141.0,1014.9,10293
2021-09-10,14.2,23.2,18.4,0.0,9.4,129.0,1012.5,10294
2021-09-11,16.7,20.4,18.1,2.6,9.0,223.0,1012.6,10295
2021-09-12,16.5,19.8,18.0,0.5,19.8,249.0,1011.8,10296
2021-09-13,14.0,18.3,16.0,0.0,13.2,258.0,1015.5,10297
2021-09-14,13.4,18.5,15.5,0.0,7.4,182.0,1018.3,10298
2021-09-15,13.4,17.7,15.1,11.7,20.0,108.0,1014.6,10299
2021-09-16,14.7,18.7,16.3,6.0,10.5,212.0,1008.1,10300
2021-09-17,12.9,16.3,14.8,0.0,12.1,13.0,1011.3,10301
2021-09-18,11.0,16.2,13.5,0.0,12.6,70.0,1019.7,10302
2021-09-19,8.8,14.2,11.1,0.0,11.4,72.0,1022.3,10303
2021-09-20,7.8,13.7,10.5,0.0,7.6,48.0,1024.3,10304
2021-09-21,8.9,13.9,11.6,1.4,9.9,277.0,1024.3,10305
2021-09-22,12.7,17.8,14.8,0.0,15.4,268.0,1022.6,10306
2021-09-23,13.2,15.5,14.5,4.6,29.0,258.0,1006.0,10307
2021-09-24,12.0,15.9,14.0,0.0,28.9,273.0,1005.9,10308
2021-09-25,12.8,16.8,15.3,0.0,20.5,284.0,1011.3,10309
2021-09-26,11.2,16.9,14.2,0.0,13.6,122.0,1018.8,10310
2021-09-27,14.8,17.3,15.6,3.7,26.5,115.0,1016.9,10311
2021-09-28,10.9,17.0,14.8,4.3,10.2,315.0,1020.3,10312
2021-09-29,9.9,15.1,12.6,8.2,13.6,107.0,1017.7,10313
2021-09-30,11.2,13.3,12.3,7.8,22.9,205.0,1013.6,10314
2021-10-01,11.5,14.4,12.9,6.2,27.1,178.0,1016.3,10315
2021-10-02,12.3,14.4,13.2,2.3,19.1,159.0,1011.1,10316
2021-10-03,13.7,17.0,15.5,6.3,28.8,152.0,1002.7,10317
2021-10-04,11.5,14.9,13.5,1.6,14.4,206.0,1013.6,10318
2021-10-05,11.3,13.2,12.1,9.3,14.9,123.0,1011.8,10319
2021-10-06,9.7,14.9,12.4,2.1,12.0,196.0,1012.8,10320
2021-10-07,8.5,15.7,11.6,0.0,7.1,147.0,1028.3,10321
2021-10-08,8.8,14.6,11.5,0.0,6.8,112.0,1034.8,10322
2021-10-09,8.1,14.5,10.9,0.0,9.6,123.0,1034.8,10323
2021-10-10,8.0,13.2,10.0,0.0,12.8,181.0,1028.0,10324
2021-10-11,9.8,13.3,11.2,0.0,25.7,272.0,1016.6,10325
2021-10-12,8.3,11.1,9.4,0.0,23.5,320.0,1013.4,10326
2021-10-13,7.5,11.6,9.3,0.0,12.0,287.0,1018.0,10327
2021-10-14,10.0,13.2,11.7,0.9,20.8,252.0,1014.0,10328
2021-10-15,10.1,12.8,11.6,3.4,28.8,271.0,1006.4,10329
2021-10-16,8.8,11.5,10.0,0.0,28.8,273.0,1015.1,10330
2021-10-17,9.5,11.8,10.3,0.0,17.4,268.0,1015.9,10331
2021-10-18,8.5,9.8,9.2,2.6,11.3,115.0,1020.9,10332
2021-10-19,9.4,13.5,11.2,8.0,16.1,165.0,1014.8,10333
2021-10-20,13.1,14.5,13.7,17.3,27.4,224.0,997.0,10334
2021-10-21,8.4,13.1,10.7,13.8,27.8,257.0,986.4,10335
2021-10-22,7.4,9.1,8.1,5.1,34.6,279.0,997.9,10336
2021-10-23,7.4,10.9,8.7,0.0,24.8,294.0,1017.6,10337
2021-10-24,7.6,11.3,9.1,0.0,16.5,206.0,1025.4,10338
2021-10-25,6.6,10.4,8.7,0.0,14.9,194.0,1016.9,10339
2021-10-26,9.5,11.5,10.4,2.3,17.1,235.0,1014.2,10340
2021-10-27,10.5,13.7,12.5,2.5,25.2,231.0,1014.1,10341
2021-10-28,10.6,13.5,12.3,0.0,20.2,203.0,1016.6,10342
2021-10-29,8.5,12.8,10.3,0.0,16.8,164.0,1011.2,10343
2021-10-30,9.0,12.3,10.4,0.0,17.1,147.0,1007.5,10344
2021-10-31,10.4,12.7,11.3,0.0,18.1,175.0,1005.0,10345
2021-11-01,9.2,12.4,11.0,0.7,17.9,172.0,998.7,10346
2021-11-02,7.5,10.5,8.8,0.0,7.5,166.0,1000.3,10347
2021-11-03,5.6,8.8,7.1,0.0,6.5,221.0,1003.1,10348
2021-11-04,6.0,8.5,7.2,0.0,13.1,51.0,1005.0,10349
2021-11-05,6.6,9.8,8.3,0.0,25.1,303.0,1010.5,10350
2021-11-06,9.1,10.7,9.8,6.0,27.6,246.0,1014.3,10351
2021-11-07,8.0,10.3,9.3,5.7,26.4,256.0,1002.2,10352
2021-11-08,4.1,8.2,6.7,0.0,12.2,51.0,1016.9,10353
2021-11-09,5.2,10.1,8.1,0.0,19.8,181.0,1023.5,10354
2021-11-10,9.3,10.2,9.8,0.0,17.7,225.0,1021.4,10355
2021-11-11,8.6,10.4,9.5,0.3,14.1,252.0,1019.8,10356
2021-11-12,7.1,9.3,8.3,0.0,14.1,194.0,1018.7,10357
2021-11-13,6.2,8.1,7.3,0.0,17.4,114.0,1015.5,10358
2021-11-14,6.0,8.1,6.9,0.0,13.5,65.0,1027.6,10359
2021-11-15,5.5,7.7,6.4,0.0,11.4,105.0,1031.6,10360
2021-11-16,5.0,6.9,5.8,0.0,7.5,142.0,1024.6,10361
2021-11-17,5.0,6.9,6.1,2.3,17.3,232.0,1014.1,10362
2021-11-18,6.4,11.2,8.5,0.9,26.6,258.0,1014.1,10363
2021-11-19,10.9,12.3,11.6,0.0,35.1,278.0,1013.8,10364
2021-11-20,9.7,11.1,10.2,0.3,28.9,267.0,1012.5,10365
2021-11-21,2.7,10.0,6.7,0.0,18.2,325.0,1007.9,10366
2021-11-22,0.8,6.2,3.3,0.0,12.1,309.0,1021.5,10367
2021-11-23,5.8,7.9,7.0,0.0,19.6,280.0,1020.9,10368
2021-11-24,7.4,8.6,8.0,0.0,20.9,257.0,1017.2,10369
2021-11-25,5.5,7.7,6.6,2.6,22.4,240.0,1003.3,10370
2021-11-26,3.4,5.2,4.1,0.8,17.1,213.0,995.0,10371
2021-11-27,2.1,3.6,3.0,4.6,17.7,88.0,994.0,10372
2021-11-28,1.5,2.9,2.3,5.6,13.2,70.0,995.6,10373
2021-11-29,-0.7,1.8,0.3,0.2,13.7,9.0,1003.7,10374
2021-11-30,-0.5,4.0,1.4,4.1,16.7,280.0,993.5,10375
2021-12-01,-0.4,4.6,1.9,23.7,20.6,129.0,985.3,10376
2021-12-02,0.0,2.6,0.8,7.9,26.3,331.0,989.9,10377
2021-12-03,0.3,3.1,1.7,7.9,16.7,245.0,998.2,10378
2021-12-04,2.3,4.1,3.4,0.4,14.1,227.0,997.9,10379
2021-12-05,-2.6,2.3,0.0,0.0,25.0,64.0,1009.9,10380
2021-12-06,-5.0,-1.6,-2.9,0.0,18.8,85.0,1017.4,10381
2021-12-07,-1.5,1.1,-0.1,0.0,24.3,126.0,1011.7,10382
2021-12-08,1.0,2.0,1.5,0.0,32.3,130.0,1006.4,10383
2021-12-09,0.8,1.9,1.3,0.1,19.4,124.0,1006.8,10384
2021-12-10,-0.2,1.6,0.9,3.2,7.3,83.0,1001.0,10385
2021-12-11,0.1,1.5,0.9,3.3,6.6,249.0,1009.1,10386
2021-12-12,0.7,4.1,2.2,2.3,10.7,187.0,1018.2,10387
2021-12-13,3.9,7.0,5.4,0.3,9.5,209.0,1022.0,10388
2021-12-14,4.8,6.8,5.9,2.0,13.6,253.0,1021.5,10389
2021-12-15,5.5,7.9,6.9,0.0,20.8,243.0,1022.4,10390
2021-12-16,5.9,8.2,6.9,0.0,23.4,294.0,1029.6,10391
2021-12-17,4.5,6.1,5.3,0.0,12.5,301.0,1035.1,10392
2021-12-18,4.8,6.2,5.6,0.0,17.4,289.0,1030.4,10393
2021-12-19,2.9,6.1,4.9,0.0,23.5,327.0,1020.6,10394
2021-12-20,-0.3,2.8,1.5,0.0,13.0,352.0,1025.6,10395
2021-12-21,-1.3,0.7,-0.5,0.6,6.2,130.0,1026.1,10396
2021-12-22,0.9,2.1,1.6,1.7,11.1,218.0,1022.8,10397
2021-12-23,-0.5,1.8,0.6,1.8,10.3,216.0,1009.1,10398
2021-12-24,-4.3,0.5,-1.8,0.7,13.0,326.0,1000.6,10399
2021-12-25,-3.7,-0.2,-1.9,0.0,15.5,281.0,1010.5,10400
2021-12-26,-2.9,-0.1,-1.5,0.0,8.5,229.0,1013.4,10401
2021-12-27,-2.2,0.3,-1.0,0.0,23.8,125.0,1010.0,10402
2021-12-28,0.3,2.0,0.9,0.1,26.8,130.0,1000.2,10403
2021-12-29,0.8,1.8,1.4,0.0,7.9,114.0,1003.6,10404
2021-12-30,2.1,7.2,4.7,0.0,17.5,214.0,1005.0,10405
2021-12-31,6.7,7.7,7.0,11.7,18.6,254.0,1006.8,10406
